backbone,tsk_pretext,d_pretext,head_pred,ft_strategy,tsk_target,d_target,frac_dtarget,metric_target,metric,lr
ResNet-SE-5,1e-5,MS,MLP,Full Finetune,HAR,MS,100.0,accuracy,0.7881355881690979,1e-5
ResNet-SE-5,1e-3,WISDM,MLP,Full Finetune,HAR,WISDM,10.0,accuracy,0.7369431853294373,1e-3
ResNet-SE-5,1e-1,MS,MLP,Full Finetune,HAR,MS,1.0,accuracy,0.5131826996803284,1e-1
ResNet-SE-5,1e-1,UCI,MLP,Full Finetune,HAR,UCI,100.0,accuracy,0.7971014380455017,1e-1
ResNet-SE-5,1e-2,KH,MLP,Full Finetune,HAR,KH,1000.0,accuracy,0.6597222089767456,1e-2
ResNet-SE-5,1e-3,MS,MLP,Full Finetune,HAR,MS,5.0,accuracy,0.7693032026290894,1e-3
ResNet-SE-5,1e-5,RW-Waist,MLP,Full Finetune,HAR,RW-Waist,5.0,accuracy,0.3518518507480621,1e-5
ResNet-SE-5,1e-3,RW-Thigh,MLP,Full Finetune,HAR,RW-Thigh,25.0,accuracy,0.7556935548782349,1e-3
ResNet-SE-5,1e-5,WISDM,MLP,Full Finetune,HAR,WISDM,10.0,accuracy,0.7200461030006409,1e-5
ResNet-SE-5,1e-5,MS,MLP,Full Finetune,HAR,MS,1.0,accuracy,0.473634660243988,1e-5
ResNet-SE-5,1e-5,KH,MLP,Full Finetune,HAR,KH,1.0,accuracy,0.2361111044883728,1e-5
ResNet-SE-5,1e-5,UCI,MLP,Full Finetune,HAR,UCI,25.0,accuracy,0.5855072736740112,1e-5
ResNet-SE-5,1e-1,RW-Waist,MLP,Full Finetune,HAR,RW-Waist,100.0,accuracy,0.6956018805503845,1e-1
ResNet-SE-5,1e-2,MS,MLP,Full Finetune,HAR,MS,1000.0,accuracy,0.7862523794174194,1e-2
ResNet-SE-5,1e-5,KH,MLP,Full Finetune,HAR,KH,50.0,accuracy,0.5833333134651184,1e-5
ResNet-SE-5,1e-5,MS,MLP,Full Finetune,HAR,MS,200.0,accuracy,0.7542372941970825,1e-5
ResNet-SE-5,1e-1,WISDM,MLP,Full Finetune,HAR,WISDM,200.0,accuracy,0.7361751198768616,1e-1
ResNet-SE-5,1e-1,RW-Waist,MLP,Full Finetune,HAR,RW-Waist,200.0,accuracy,0.6867284178733826,1e-1
ResNet-SE-5,1e-2,KH,MLP,Full Finetune,HAR,KH,50.0,accuracy,0.6180555820465088,1e-2
ResNet-SE-5,1e-5,UCI,MLP,Full Finetune,HAR,UCI,100.0,accuracy,0.7942029237747192,1e-5
ResNet-SE-5,1e-5,KH,MLP,Full Finetune,HAR,KH,25.0,accuracy,0.5416666865348816,1e-5
ResNet-SE-5,1e-3,UCI,MLP,Full Finetune,HAR,UCI,100.0,accuracy,0.9057971239089966,1e-3
ResNet-SE-5,1e-3,RW-Waist,MLP,Full Finetune,HAR,RW-Waist,10.0,accuracy,0.6311728358268738,1e-3
ResNet-SE-5,1e-4,UCI,MLP,Full Finetune,HAR,UCI,100.0,accuracy,0.9289855360984802,1e-4
ResNet-SE-5,1e-3,MS,MLP,Full Finetune,HAR,MS,1000.0,accuracy,0.7806026339530945,1e-3
ResNet-SE-5,1e-2,RW-Waist,MLP,Full Finetune,HAR,RW-Waist,200.0,accuracy,0.7156635522842407,1e-2
ResNet-SE-5,1e-2,KH,MLP,Full Finetune,HAR,KH,10.0,accuracy,0.1666666716337204,1e-2
ResNet-SE-5,1e-5,KH,MLP,Full Finetune,HAR,KH,50.0,accuracy,0.5,1e-5
ResNet-SE-5,1e-4,RW-Waist,MLP,Full Finetune,HAR,RW-Waist,50.0,accuracy,0.616126537322998,1e-4
ResNet-SE-5,1e-5,RW-Thigh,MLP,Full Finetune,HAR,RW-Thigh,5.0,accuracy,0.264665275812149,1e-5
ResNet-SE-5,1e-1,MS,MLP,Full Finetune,HAR,MS,200.0,accuracy,0.778719425201416,1e-1
ResNet-SE-5,1e-5,KH,MLP,Full Finetune,HAR,KH,1000.0,accuracy,0.6527777910232544,1e-5
ResNet-SE-5,1e-1,UCI,MLP,Full Finetune,HAR,UCI,1.0,accuracy,0.3768115937709808,1e-1
ResNet-SE-5,1e-1,MS,MLP,Full Finetune,HAR,MS,25.0,accuracy,0.5838041305541992,1e-1
ResNet-SE-5,1e-5,WISDM,MLP,Full Finetune,HAR,WISDM,100.0,accuracy,0.7396313548088074,1e-5
ResNet-SE-5,1e-3,RW-Waist,MLP,Full Finetune,HAR,RW-Waist,1000.0,accuracy,0.7542438507080078,1e-3
ResNet-SE-5,1e-3,RW-Waist,MLP,Full Finetune,HAR,RW-Waist,200.0,accuracy,0.7287808656692505,1e-3
ResNet-SE-5,1e-3,RW-Thigh,MLP,Full Finetune,HAR,RW-Thigh,25.0,accuracy,0.6714975833892822,1e-3
ResNet-SE-5,1e-3,RW-Thigh,MLP,Full Finetune,HAR,RW-Thigh,200.0,accuracy,0.636991024017334,1e-3
ResNet-SE-5,1e-4,UCI,MLP,Full Finetune,HAR,UCI,25.0,accuracy,0.7956521511077881,1e-4
ResNet-SE-5,1e-3,RW-Thigh,MLP,Full Finetune,HAR,RW-Thigh,1.0,accuracy,0.1932367086410522,1e-3
ResNet-SE-5,1e-5,MS,MLP,Full Finetune,HAR,MS,25.0,accuracy,0.6374764442443848,1e-5
ResNet-SE-5,1e-5,MS,MLP,Full Finetune,HAR,MS,50.0,accuracy,0.596045196056366,1e-5
ResNet-SE-5,1e-3,RW-Waist,MLP,Full Finetune,HAR,RW-Waist,1.0,accuracy,0.5216049551963806,1e-3
ResNet-SE-5,1e-2,UCI,MLP,Full Finetune,HAR,UCI,1.0,accuracy,0.2000000029802322,1e-2
ResNet-SE-5,1e-4,RW-Waist,MLP,Full Finetune,HAR,RW-Waist,200.0,accuracy,0.6724537014961243,1e-4
ResNet-SE-5,1e-2,UCI,MLP,Full Finetune,HAR,UCI,200.0,accuracy,0.9536231756210328,1e-2
ResNet-SE-5,1e-5,KH,MLP,Full Finetune,HAR,KH,10.0,accuracy,0.5,1e-5
ResNet-SE-5,1e-5,RW-Waist,MLP,Full Finetune,HAR,RW-Waist,10.0,accuracy,0.4178240597248077,1e-5
ResNet-SE-5,1e-1,MS,MLP,Full Finetune,HAR,MS,1.0,accuracy,0.3041431307792663,1e-1
ResNet-SE-5,1e-5,RW-Waist,MLP,Full Finetune,HAR,RW-Waist,1.0,accuracy,0.3634259402751922,1e-5
ResNet-SE-5,1e-4,RW-Waist,MLP,Full Finetune,HAR,RW-Waist,100.0,accuracy,0.6319444179534912,1e-4
ResNet-SE-5,1e-2,MS,MLP,Full Finetune,HAR,MS,100.0,accuracy,0.8361582159996033,1e-2
ResNet-SE-5,1e-4,WISDM,MLP,Full Finetune,HAR,WISDM,50.0,accuracy,0.7634408473968506,1e-4
ResNet-SE-5,1e-2,UCI,MLP,Full Finetune,HAR,UCI,10.0,accuracy,0.7420290112495422,1e-2
ResNet-SE-5,1e-2,MS,MLP,Full Finetune,HAR,MS,200.0,accuracy,0.7758945226669312,1e-2
ResNet-SE-5,1e-1,MS,MLP,Full Finetune,HAR,MS,5.0,accuracy,0.4858756959438324,1e-1
ResNet-SE-5,1e-2,RW-Thigh,MLP,Full Finetune,HAR,RW-Thigh,50.0,accuracy,0.6991028189659119,1e-2
ResNet-SE-5,1e-3,RW-Thigh,MLP,Full Finetune,HAR,RW-Thigh,1000.0,accuracy,0.5976535677909851,1e-3
ResNet-SE-5,1e-1,WISDM,MLP,Full Finetune,HAR,WISDM,50.0,accuracy,0.7242703437805176,1e-1
ResNet-SE-5,1e-1,MS,MLP,Full Finetune,HAR,MS,200.0,accuracy,0.7570621371269226,1e-1
ResNet-SE-5,1e-3,RW-Waist,MLP,Full Finetune,HAR,RW-Waist,5.0,accuracy,0.6064814925193787,1e-3
ResNet-SE-5,1e-4,UCI,MLP,Full Finetune,HAR,UCI,10.0,accuracy,0.7724637389183044,1e-4
ResNet-SE-5,1e-1,RW-Waist,MLP,Full Finetune,HAR,RW-Waist,1000.0,accuracy,0.7326388955116272,1e-1
ResNet-SE-5,1e-2,UCI,MLP,Full Finetune,HAR,UCI,5.0,accuracy,0.7014492750167847,1e-2
ResNet-SE-5,1e-4,KH,MLP,Full Finetune,HAR,KH,50.0,accuracy,0.7222222089767456,1e-4
ResNet-SE-5,1e-3,UCI,MLP,Full Finetune,HAR,UCI,1000.0,accuracy,0.9594202637672424,1e-3
ResNet-SE-5,1e-1,UCI,MLP,Full Finetune,HAR,UCI,1000.0,accuracy,0.7942029237747192,1e-1
ResNet-SE-5,1e-1,KH,MLP,Full Finetune,HAR,KH,10.0,accuracy,0.5,1e-1
ResNet-SE-5,1e-5,WISDM,MLP,Full Finetune,HAR,WISDM,10.0,accuracy,0.4727342426776886,1e-5
ResNet-SE-5,1e-1,RW-Waist,MLP,Full Finetune,HAR,RW-Waist,25.0,accuracy,0.5841049551963806,1e-1
ResNet-SE-5,1e-2,MS,MLP,Full Finetune,HAR,MS,1000.0,accuracy,0.790960431098938,1e-2
ResNet-SE-5,1e-4,RW-Waist,MLP,Full Finetune,HAR,RW-Waist,1.0,accuracy,0.5393518805503845,1e-4
ResNet-SE-5,1e-2,UCI,MLP,Full Finetune,HAR,UCI,50.0,accuracy,0.8101449012756348,1e-2
ResNet-SE-5,1e-4,WISDM,MLP,Full Finetune,HAR,WISDM,50.0,accuracy,0.7818740606307983,1e-4
ResNet-SE-5,1e-5,RW-Thigh,MLP,Full Finetune,HAR,RW-Thigh,1000.0,accuracy,0.7539682388305664,1e-5
ResNet-SE-5,1e-3,RW-Waist,MLP,Full Finetune,HAR,RW-Waist,1000.0,accuracy,0.6624228358268738,1e-3
ResNet-SE-5,1e-5,RW-Waist,MLP,Full Finetune,HAR,RW-Waist,25.0,accuracy,0.5096450448036194,1e-5
ResNet-SE-5,1e-5,UCI,MLP,Full Finetune,HAR,UCI,200.0,accuracy,0.7985507249832153,1e-5
ResNet-SE-5,1e-4,RW-Waist,MLP,Full Finetune,HAR,RW-Waist,10.0,accuracy,0.6531635522842407,1e-4
ResNet-SE-5,1e-5,UCI,MLP,Full Finetune,HAR,UCI,5.0,accuracy,0.5666666626930237,1e-5
ResNet-SE-5,1e-2,MS,MLP,Full Finetune,HAR,MS,25.0,accuracy,0.6996233463287354,1e-2
ResNet-SE-5,1e-1,MS,MLP,Full Finetune,HAR,MS,1000.0,accuracy,0.8088512420654297,1e-1
ResNet-SE-5,1e-2,MS,MLP,Full Finetune,HAR,MS,25.0,accuracy,0.7815442681312561,1e-2
ResNet-SE-5,1e-2,WISDM,MLP,Full Finetune,HAR,WISDM,5.0,accuracy,0.7373272180557251,1e-2
ResNet-SE-5,1e-2,RW-Waist,MLP,Full Finetune,HAR,RW-Waist,5.0,accuracy,0.1666666716337204,1e-2
ResNet-SE-5,1e-3,RW-Waist,MLP,Full Finetune,HAR,RW-Waist,25.0,accuracy,0.6439043283462524,1e-3
ResNet-SE-5,1e-1,WISDM,MLP,Full Finetune,HAR,WISDM,25.0,accuracy,0.6532257795333862,1e-1
ResNet-SE-5,1e-4,RW-Waist,MLP,Full Finetune,HAR,RW-Waist,200.0,accuracy,0.6824845671653748,1e-4
ResNet-SE-5,1e-2,RW-Waist,MLP,Full Finetune,HAR,RW-Waist,1000.0,accuracy,0.7646604776382446,1e-2
ResNet-SE-5,1e-3,MS,MLP,Full Finetune,HAR,MS,1000.0,accuracy,0.9199623465538024,1e-3
ResNet-SE-5,1e-1,WISDM,MLP,Full Finetune,HAR,WISDM,5.0,accuracy,0.6536098122596741,1e-1
ResNet-SE-5,1e-3,UCI,MLP,Full Finetune,HAR,UCI,1.0,accuracy,0.447826087474823,1e-3
ResNet-SE-5,1e-4,MS,MLP,Full Finetune,HAR,MS,200.0,accuracy,0.8013182878494263,1e-4
ResNet-SE-5,1e-2,KH,MLP,Full Finetune,HAR,KH,5.0,accuracy,0.4930555522441864,1e-2
ResNet-SE-5,1e-4,RW-Thigh,MLP,Full Finetune,HAR,RW-Thigh,5.0,accuracy,0.5707384347915649,1e-4
ResNet-SE-5,1e-5,KH,MLP,Full Finetune,HAR,KH,5.0,accuracy,0.1666666716337204,1e-5
ResNet-SE-5,1e-1,WISDM,MLP,Full Finetune,HAR,WISDM,1.0,accuracy,0.4162826538085937,1e-1
ResNet-SE-5,1e-4,KH,MLP,Full Finetune,HAR,KH,1000.0,accuracy,0.75,1e-4
ResNet-SE-5,1e-1,UCI,MLP,Full Finetune,HAR,UCI,5.0,accuracy,0.6391304135322571,1e-1
ResNet-SE-5,1e-1,RW-Waist,MLP,Full Finetune,HAR,RW-Waist,200.0,accuracy,0.698688268661499,1e-1
ResNet-SE-5,1e-3,RW-Waist,MLP,Full Finetune,HAR,RW-Waist,10.0,accuracy,0.6327160596847534,1e-3
ResNet-SE-5,1e-1,KH,MLP,Full Finetune,HAR,KH,50.0,accuracy,0.5347222089767456,1e-1
ResNet-SE-5,1e-2,KH,MLP,Full Finetune,HAR,KH,200.0,accuracy,0.6458333134651184,1e-2
ResNet-SE-5,1e-4,RW-Thigh,MLP,Full Finetune,HAR,RW-Thigh,1000.0,accuracy,0.7001380324363708,1e-4
ResNet-SE-5,1e-3,KH,MLP,Full Finetune,HAR,KH,1000.0,accuracy,0.6458333134651184,1e-3
ResNet-SE-5,1e-3,MS,MLP,Full Finetune,HAR,MS,10.0,accuracy,0.7109227776527405,1e-3
ResNet-SE-5,1e-2,UCI,MLP,Full Finetune,HAR,UCI,100.0,accuracy,0.8202898502349854,1e-2
ResNet-SE-5,1e-2,RW-Thigh,MLP,Full Finetune,HAR,RW-Thigh,5.0,accuracy,0.5169082283973694,1e-2
ResNet-SE-5,1e-4,MS,MLP,Full Finetune,HAR,MS,5.0,accuracy,0.7146892547607422,1e-4
ResNet-SE-5,1e-4,WISDM,MLP,Full Finetune,HAR,WISDM,5.0,accuracy,0.72926265001297,1e-4
ResNet-SE-5,1e-1,KH,MLP,Full Finetune,HAR,KH,5.0,accuracy,0.5625,1e-1
ResNet-SE-5,1e-2,WISDM,MLP,Full Finetune,HAR,WISDM,10.0,accuracy,0.7603686451911926,1e-2
ResNet-SE-5,1e-3,WISDM,MLP,Full Finetune,HAR,WISDM,1.0,accuracy,0.5925499200820923,1e-3
ResNet-SE-5,1e-4,UCI,MLP,Full Finetune,HAR,UCI,1000.0,accuracy,0.9550724625587464,1e-4
ResNet-SE-5,1e-1,KH,MLP,Full Finetune,HAR,KH,25.0,accuracy,0.4583333432674408,1e-1
ResNet-SE-5,1e-4,UCI,MLP,Full Finetune,HAR,UCI,10.0,accuracy,0.7710145115852356,1e-4
ResNet-SE-5,1e-3,WISDM,MLP,Full Finetune,HAR,WISDM,50.0,accuracy,0.7822580933570862,1e-3
ResNet-SE-5,1e-3,KH,MLP,Full Finetune,HAR,KH,50.0,accuracy,0.5555555820465088,1e-3
ResNet-SE-5,1e-3,KH,MLP,Full Finetune,HAR,KH,1.0,accuracy,0.6111111044883728,1e-3
ResNet-SE-5,1e-2,UCI,MLP,Full Finetune,HAR,UCI,10.0,accuracy,0.6666666865348816,1e-2
ResNet-SE-5,1e-2,UCI,MLP,Full Finetune,HAR,UCI,200.0,accuracy,0.939130425453186,1e-2
ResNet-SE-5,1e-4,RW-Waist,MLP,Full Finetune,HAR,RW-Waist,5.0,accuracy,0.6902006268501282,1e-4
ResNet-SE-5,1e-3,UCI,MLP,Full Finetune,HAR,UCI,10.0,accuracy,0.7884057760238647,1e-3
ResNet-SE-5,1e-4,KH,MLP,Full Finetune,HAR,KH,25.0,accuracy,0.6388888955116272,1e-4
ResNet-SE-5,1e-3,UCI,MLP,Full Finetune,HAR,UCI,50.0,accuracy,0.7884057760238647,1e-3
ResNet-SE-5,1e-5,RW-Thigh,MLP,Full Finetune,HAR,RW-Thigh,100.0,accuracy,0.6349206566810608,1e-5
ResNet-SE-5,1e-2,WISDM,MLP,Full Finetune,HAR,WISDM,10.0,accuracy,0.7307987809181213,1e-2
ResNet-SE-5,1e-3,WISDM,MLP,Full Finetune,HAR,WISDM,25.0,accuracy,0.7826420664787292,1e-3
ResNet-SE-5,1e-3,KH,MLP,Full Finetune,HAR,KH,10.0,accuracy,0.6458333134651184,1e-3
ResNet-SE-5,1e-3,KH,MLP,Full Finetune,HAR,KH,25.0,accuracy,0.5902777910232544,1e-3
ResNet-SE-5,1e-2,KH,MLP,Full Finetune,HAR,KH,25.0,accuracy,0.4861111044883728,1e-2
ResNet-SE-5,1e-1,KH,MLP,Full Finetune,HAR,KH,10.0,accuracy,0.4930555522441864,1e-1
ResNet-SE-5,1e-4,KH,MLP,Full Finetune,HAR,KH,1.0,accuracy,0.5277777910232544,1e-4
ResNet-SE-5,1e-1,WISDM,MLP,Full Finetune,HAR,WISDM,100.0,accuracy,0.7899385690689087,1e-1
ResNet-SE-5,1e-4,MS,MLP,Full Finetune,HAR,MS,1.0,accuracy,0.526365339756012,1e-4
ResNet-SE-5,1e-3,RW-Thigh,MLP,Full Finetune,HAR,RW-Thigh,50.0,accuracy,0.6818495392799377,1e-3
ResNet-SE-5,1e-4,KH,MLP,Full Finetune,HAR,KH,5.0,accuracy,0.7013888955116272,1e-4
ResNet-SE-5,1e-3,UCI,MLP,Full Finetune,HAR,UCI,50.0,accuracy,0.8782608509063721,1e-3
ResNet-SE-5,1e-2,MS,MLP,Full Finetune,HAR,MS,1.0,accuracy,0.1666666716337204,1e-2
ResNet-SE-5,1e-5,KH,MLP,Full Finetune,HAR,KH,25.0,accuracy,0.5138888955116272,1e-5
ResNet-SE-5,1e-4,KH,MLP,Full Finetune,HAR,KH,5.0,accuracy,0.6944444179534912,1e-4
ResNet-SE-5,1e-4,KH,MLP,Full Finetune,HAR,KH,200.0,accuracy,0.5972222089767456,1e-4
ResNet-SE-5,1e-5,KH,MLP,Full Finetune,HAR,KH,50.0,accuracy,0.5972222089767456,1e-5
ResNet-SE-5,1e-5,WISDM,MLP,Full Finetune,HAR,WISDM,10.0,accuracy,0.5568356513977051,1e-5
ResNet-SE-5,1e-3,KH,MLP,Full Finetune,HAR,KH,50.0,accuracy,0.5555555820465088,1e-3
ResNet-SE-5,1e-5,WISDM,MLP,Full Finetune,HAR,WISDM,1000.0,accuracy,0.8287250399589539,1e-5
ResNet-SE-5,1e-4,UCI,MLP,Full Finetune,HAR,UCI,50.0,accuracy,0.8318840861320496,1e-4
ResNet-SE-5,1e-5,MS,MLP,Full Finetune,HAR,MS,200.0,accuracy,0.8295668363571167,1e-5
ResNet-SE-5,1e-1,RW-Thigh,MLP,Full Finetune,HAR,RW-Thigh,1.0,accuracy,0.4675638377666473,1e-1
ResNet-SE-5,1e-5,RW-Waist,MLP,Full Finetune,HAR,RW-Waist,100.0,accuracy,0.741126537322998,1e-5
ResNet-SE-5,1e-3,UCI,MLP,Full Finetune,HAR,UCI,25.0,accuracy,0.800000011920929,1e-3
ResNet-SE-5,1e-4,WISDM,MLP,Full Finetune,HAR,WISDM,100.0,accuracy,0.7338709831237793,1e-4
ResNet-SE-5,1e-5,UCI,MLP,Full Finetune,HAR,UCI,10.0,accuracy,0.7260869741439819,1e-5
ResNet-SE-5,1e-2,RW-Waist,MLP,Full Finetune,HAR,RW-Waist,1.0,accuracy,0.1666666716337204,1e-2
ResNet-SE-5,1e-2,UCI,MLP,Full Finetune,HAR,UCI,200.0,accuracy,0.9362319111824036,1e-2
ResNet-SE-5,1e-3,RW-Thigh,MLP,Full Finetune,HAR,RW-Thigh,1.0,accuracy,0.4130434691905975,1e-3
ResNet-SE-5,1e-2,KH,MLP,Full Finetune,HAR,KH,200.0,accuracy,0.75,1e-2
ResNet-SE-5,1e-2,WISDM,MLP,Full Finetune,HAR,WISDM,1000.0,accuracy,0.8625192046165466,1e-2
ResNet-SE-5,1e-5,MS,MLP,Full Finetune,HAR,MS,25.0,accuracy,0.5725046992301941,1e-5
ResNet-SE-5,1e-1,WISDM,MLP,Full Finetune,HAR,WISDM,100.0,accuracy,0.7480798959732056,1e-1
ResNet-SE-5,1e-3,UCI,MLP,Full Finetune,HAR,UCI,25.0,accuracy,0.7971014380455017,1e-3
ResNet-SE-5,1e-5,MS,MLP,Full Finetune,HAR,MS,10.0,accuracy,0.5338982939720154,1e-5
ResNet-SE-5,1e-1,UCI,MLP,Full Finetune,HAR,UCI,1000.0,accuracy,0.7971014380455017,1e-1
ResNet-SE-5,1e-1,MS,MLP,Full Finetune,HAR,MS,25.0,accuracy,0.7231638431549072,1e-1
ResNet-SE-5,1e-4,UCI,MLP,Full Finetune,HAR,UCI,10.0,accuracy,0.7565217614173889,1e-4
ResNet-SE-5,1e-1,UCI,MLP,Full Finetune,HAR,UCI,10.0,accuracy,0.7753623127937317,1e-1
ResNet-SE-5,1e-3,RW-Waist,MLP,Full Finetune,HAR,RW-Waist,200.0,accuracy,0.685571014881134,1e-3
ResNet-SE-5,1e-3,WISDM,MLP,Full Finetune,HAR,WISDM,1.0,accuracy,0.4973118305206299,1e-3
ResNet-SE-5,1e-1,MS,MLP,Full Finetune,HAR,MS,10.0,accuracy,0.4896421730518341,1e-1
ResNet-SE-5,1e-4,RW-Waist,MLP,Full Finetune,HAR,RW-Waist,5.0,accuracy,0.6624228358268738,1e-4
ResNet-SE-5,1e-4,RW-Waist,MLP,Full Finetune,HAR,RW-Waist,200.0,accuracy,0.6952160596847534,1e-4
ResNet-SE-5,1e-4,UCI,MLP,Full Finetune,HAR,UCI,200.0,accuracy,0.9376811385154724,1e-4
ResNet-SE-5,1e-1,WISDM,MLP,Full Finetune,HAR,WISDM,50.0,accuracy,0.7361751198768616,1e-1
ResNet-SE-5,1e-2,WISDM,MLP,Full Finetune,HAR,WISDM,1000.0,accuracy,0.8548387289047241,1e-2
ResNet-SE-5,1e-5,RW-Thigh,MLP,Full Finetune,HAR,RW-Thigh,25.0,accuracy,0.5289855003356934,1e-5
ResNet-SE-5,1e-5,WISDM,MLP,Full Finetune,HAR,WISDM,100.0,accuracy,0.7392473220825195,1e-5
ResNet-SE-5,1e-3,RW-Thigh,MLP,Full Finetune,HAR,RW-Thigh,10.0,accuracy,0.6818495392799377,1e-3
ResNet-SE-5,1e-1,RW-Waist,MLP,Full Finetune,HAR,RW-Waist,1000.0,accuracy,0.6253858208656311,1e-1
ResNet-SE-5,1e-4,WISDM,MLP,Full Finetune,HAR,WISDM,200.0,accuracy,0.8110598921775818,1e-4
ResNet-SE-5,1e-4,WISDM,MLP,Full Finetune,HAR,WISDM,200.0,accuracy,0.8072196841239929,1e-4
ResNet-SE-5,1e-2,KH,MLP,Full Finetune,HAR,KH,100.0,accuracy,0.4375,1e-2
ResNet-SE-5,1e-3,KH,MLP,Full Finetune,HAR,KH,100.0,accuracy,0.5277777910232544,1e-3
ResNet-SE-5,1e-4,RW-Thigh,MLP,Full Finetune,HAR,RW-Thigh,1.0,accuracy,0.4755003452301025,1e-4
ResNet-SE-5,1e-1,WISDM,MLP,Full Finetune,HAR,WISDM,10.0,accuracy,0.7066051959991455,1e-1
ResNet-SE-5,1e-1,MS,MLP,Full Finetune,HAR,MS,200.0,accuracy,0.5800376534461975,1e-1
ResNet-SE-5,1e-5,MS,MLP,Full Finetune,HAR,MS,1000.0,accuracy,0.8418079018592834,1e-5
ResNet-SE-5,1e-1,UCI,MLP,Full Finetune,HAR,UCI,50.0,accuracy,0.804347813129425,1e-1
ResNet-SE-5,1e-4,RW-Waist,MLP,Full Finetune,HAR,RW-Waist,100.0,accuracy,0.7006173133850098,1e-4
ResNet-SE-5,1e-1,UCI,MLP,Full Finetune,HAR,UCI,25.0,accuracy,0.782608687877655,1e-1
ResNet-SE-5,1e-1,WISDM,MLP,Full Finetune,HAR,WISDM,5.0,accuracy,0.6831797361373901,1e-1
ResNet-SE-5,1e-1,RW-Thigh,MLP,Full Finetune,HAR,RW-Thigh,10.0,accuracy,0.468944102525711,1e-1
ResNet-SE-5,1e-5,RW-Thigh,MLP,Full Finetune,HAR,RW-Thigh,1.0,accuracy,0.1432022154331207,1e-5
ResNet-SE-5,1e-4,RW-Thigh,MLP,Full Finetune,HAR,RW-Thigh,25.0,accuracy,0.6507936716079712,1e-4
ResNet-SE-5,1e-5,RW-Waist,MLP,Full Finetune,HAR,RW-Waist,1000.0,accuracy,0.7453703880310059,1e-5
ResNet-SE-5,1e-1,RW-Thigh,MLP,Full Finetune,HAR,RW-Thigh,25.0,accuracy,0.5748792290687561,1e-1
ResNet-SE-5,1e-5,WISDM,MLP,Full Finetune,HAR,WISDM,100.0,accuracy,0.7438555955886841,1e-5
ResNet-SE-5,1e-4,KH,MLP,Full Finetune,HAR,KH,10.0,accuracy,0.7361111044883728,1e-4
ResNet-SE-5,1e-5,KH,MLP,Full Finetune,HAR,KH,200.0,accuracy,0.7083333134651184,1e-5
ResNet-SE-5,1e-4,MS,MLP,Full Finetune,HAR,MS,1000.0,accuracy,0.930320143699646,1e-4
ResNet-SE-5,1e-5,RW-Waist,MLP,Full Finetune,HAR,RW-Waist,10.0,accuracy,0.3229166567325592,1e-5
ResNet-SE-5,1e-4,KH,MLP,Full Finetune,HAR,KH,1.0,accuracy,0.4444444477558136,1e-4
ResNet-SE-5,1e-1,RW-Thigh,MLP,Full Finetune,HAR,RW-Thigh,5.0,accuracy,0.5003450512886047,1e-1
ResNet-SE-5,1e-4,MS,MLP,Full Finetune,HAR,MS,100.0,accuracy,0.7843691110610962,1e-4
ResNet-SE-5,1e-1,UCI,MLP,Full Finetune,HAR,UCI,1.0,accuracy,0.3826086819171905,1e-1
ResNet-SE-5,1e-4,MS,MLP,Full Finetune,HAR,MS,10.0,accuracy,0.7485875487327576,1e-4
ResNet-SE-5,1e-4,RW-Thigh,MLP,Full Finetune,HAR,RW-Thigh,200.0,accuracy,0.7056590914726257,1e-4
ResNet-SE-5,1e-3,WISDM,MLP,Full Finetune,HAR,WISDM,200.0,accuracy,0.8348694443702698,1e-3
ResNet-SE-5,1e-2,RW-Waist,MLP,Full Finetune,HAR,RW-Waist,5.0,accuracy,0.1666666716337204,1e-2
ResNet-SE-5,1e-4,UCI,MLP,Full Finetune,HAR,UCI,1.0,accuracy,0.5260869860649109,1e-4
ResNet-SE-5,1e-5,UCI,MLP,Full Finetune,HAR,UCI,1000.0,accuracy,0.8144927620887756,1e-5
ResNet-SE-5,1e-2,RW-Thigh,MLP,Full Finetune,HAR,RW-Thigh,10.0,accuracy,0.5762594938278198,1e-2
ResNet-SE-5,1e-3,KH,MLP,Full Finetune,HAR,KH,10.0,accuracy,0.5416666865348816,1e-3
ResNet-SE-5,1e-5,KH,MLP,Full Finetune,HAR,KH,1.0,accuracy,0.3472222089767456,1e-5
ResNet-SE-5,1e-5,RW-Waist,MLP,Full Finetune,HAR,RW-Waist,1000.0,accuracy,0.748071014881134,1e-5
ResNet-SE-5,1e-5,RW-Thigh,MLP,Full Finetune,HAR,RW-Thigh,1000.0,accuracy,0.7494823932647705,1e-5
ResNet-SE-5,1e-2,WISDM,MLP,Full Finetune,HAR,WISDM,100.0,accuracy,0.741167426109314,1e-2
ResNet-SE-5,1e-3,RW-Waist,MLP,Full Finetune,HAR,RW-Waist,10.0,accuracy,0.6010802388191223,1e-3
ResNet-SE-5,1e-2,KH,MLP,Full Finetune,HAR,KH,1000.0,accuracy,0.6666666865348816,1e-2
ResNet-SE-5,1e-4,KH,MLP,Full Finetune,HAR,KH,50.0,accuracy,0.5763888955116272,1e-4
ResNet-SE-5,1e-4,KH,MLP,Full Finetune,HAR,KH,1.0,accuracy,0.5347222089767456,1e-4
ResNet-SE-5,1e-1,MS,MLP,Full Finetune,HAR,MS,25.0,accuracy,0.6516007781028748,1e-1
ResNet-SE-5,1e-3,KH,MLP,Full Finetune,HAR,KH,1.0,accuracy,0.5763888955116272,1e-3
ResNet-SE-5,1e-2,KH,MLP,Full Finetune,HAR,KH,50.0,accuracy,0.5763888955116272,1e-2
ResNet-SE-5,1e-4,WISDM,MLP,Full Finetune,HAR,WISDM,25.0,accuracy,0.7484639286994934,1e-4
ResNet-SE-5,1e-5,RW-Waist,MLP,Full Finetune,HAR,RW-Waist,5.0,accuracy,0.4247685074806213,1e-5
ResNet-SE-5,1e-3,MS,MLP,Full Finetune,HAR,MS,5.0,accuracy,0.68267422914505,1e-3
ResNet-SE-5,1e-3,WISDM,MLP,Full Finetune,HAR,WISDM,200.0,accuracy,0.8302611112594604,1e-3
ResNet-SE-5,1e-5,UCI,MLP,Full Finetune,HAR,UCI,50.0,accuracy,0.730434775352478,1e-5
ResNet-SE-5,1e-4,RW-Waist,MLP,Full Finetune,HAR,RW-Waist,1.0,accuracy,0.4857253134250641,1e-4
ResNet-SE-5,1e-2,RW-Thigh,MLP,Full Finetune,HAR,RW-Thigh,5.0,accuracy,0.1666666716337204,1e-2
ResNet-SE-5,1e-3,RW-Waist,MLP,Full Finetune,HAR,RW-Waist,100.0,accuracy,0.698688268661499,1e-3
ResNet-SE-5,1e-3,RW-Waist,MLP,Full Finetune,HAR,RW-Waist,50.0,accuracy,0.6813271641731262,1e-3
ResNet-SE-5,1e-1,UCI,MLP,Full Finetune,HAR,UCI,5.0,accuracy,0.6637681126594543,1e-1
ResNet-SE-5,1e-2,RW-Thigh,MLP,Full Finetune,HAR,RW-Thigh,50.0,accuracy,0.7084196209907532,1e-2
ResNet-SE-5,1e-4,RW-Thigh,MLP,Full Finetune,HAR,RW-Thigh,100.0,accuracy,0.7425810694694519,1e-4
ResNet-SE-5,1e-1,MS,MLP,Full Finetune,HAR,MS,100.0,accuracy,0.7325800657272339,1e-1
ResNet-SE-5,1e-5,KH,MLP,Full Finetune,HAR,KH,10.0,accuracy,0.4861111044883728,1e-5
ResNet-SE-5,1e-3,KH,MLP,Full Finetune,HAR,KH,200.0,accuracy,0.6180555820465088,1e-3
ResNet-SE-5,1e-1,RW-Waist,MLP,Full Finetune,HAR,RW-Waist,1.0,accuracy,0.4934413433074951,1e-1
ResNet-SE-5,1e-4,MS,MLP,Full Finetune,HAR,MS,50.0,accuracy,0.8408662676811218,1e-4
ResNet-SE-5,1e-2,RW-Waist,MLP,Full Finetune,HAR,RW-Waist,25.0,accuracy,0.560571014881134,1e-2
ResNet-SE-5,1e-5,WISDM,MLP,Full Finetune,HAR,WISDM,50.0,accuracy,0.735023021697998,1e-5
ResNet-SE-5,1e-4,MS,MLP,Full Finetune,HAR,MS,50.0,accuracy,0.8286252617835999,1e-4
ResNet-SE-5,1e-3,RW-Thigh,MLP,Full Finetune,HAR,RW-Thigh,1.0,accuracy,0.4627329111099243,1e-3
ResNet-SE-5,1e-3,WISDM,MLP,Full Finetune,HAR,WISDM,10.0,accuracy,0.7734255194664001,1e-3
ResNet-SE-5,1e-2,KH,MLP,Full Finetune,HAR,KH,1000.0,accuracy,0.7708333134651184,1e-2
ResNet-SE-5,1e-2,RW-Thigh,MLP,Full Finetune,HAR,RW-Thigh,1000.0,accuracy,0.6352657079696655,1e-2
ResNet-SE-5,1e-3,MS,MLP,Full Finetune,HAR,MS,200.0,accuracy,0.8935970067977905,1e-3
ResNet-SE-5,1e-4,UCI,MLP,Full Finetune,HAR,UCI,100.0,accuracy,0.8971014618873596,1e-4
ResNet-SE-5,1e-1,KH,MLP,Full Finetune,HAR,KH,200.0,accuracy,0.6180555820465088,1e-1
ResNet-SE-5,1e-4,RW-Thigh,MLP,Full Finetune,HAR,RW-Thigh,1.0,accuracy,0.1197377517819404,1e-4
ResNet-SE-5,1e-5,RW-Thigh,MLP,Full Finetune,HAR,RW-Thigh,10.0,accuracy,0.3909592926502228,1e-5
ResNet-SE-5,1e-1,MS,MLP,Full Finetune,HAR,MS,5.0,accuracy,0.5160075426101685,1e-1
ResNet-SE-5,1e-1,UCI,MLP,Full Finetune,HAR,UCI,100.0,accuracy,0.7956521511077881,1e-1
ResNet-SE-5,1e-2,WISDM,MLP,Full Finetune,HAR,WISDM,100.0,accuracy,0.7473118305206299,1e-2
ResNet-SE-5,1e-5,WISDM,MLP,Full Finetune,HAR,WISDM,1.0,accuracy,0.5499231815338135,1e-5
ResNet-SE-5,1e-1,KH,MLP,Full Finetune,HAR,KH,1.0,accuracy,0.5833333134651184,1e-1
ResNet-SE-5,1e-1,RW-Thigh,MLP,Full Finetune,HAR,RW-Thigh,5.0,accuracy,0.4334023594856262,1e-1
ResNet-SE-5,1e-4,KH,MLP,Full Finetune,HAR,KH,200.0,accuracy,0.6666666865348816,1e-4
ResNet-SE-5,1e-2,UCI,MLP,Full Finetune,HAR,UCI,1000.0,accuracy,0.9623188376426696,1e-2
ResNet-SE-5,1e-2,RW-Waist,MLP,Full Finetune,HAR,RW-Waist,1.0,accuracy,0.164737656712532,1e-2
ResNet-SE-5,1e-1,MS,MLP,Full Finetune,HAR,MS,1000.0,accuracy,0.7740113139152527,1e-1
ResNet-SE-5,1e-1,RW-Thigh,MLP,Full Finetune,HAR,RW-Thigh,5.0,accuracy,0.5293305516242981,1e-1
ResNet-SE-5,1e-4,UCI,MLP,Full Finetune,HAR,UCI,1.0,accuracy,0.5188405513763428,1e-4
ResNet-SE-5,1e-3,UCI,MLP,Full Finetune,HAR,UCI,50.0,accuracy,0.8072463870048523,1e-3
ResNet-SE-5,1e-1,UCI,MLP,Full Finetune,HAR,UCI,200.0,accuracy,0.7811594009399414,1e-1
ResNet-SE-5,1e-5,RW-Thigh,MLP,Full Finetune,HAR,RW-Thigh,10.0,accuracy,0.3913043439388275,1e-5
ResNet-SE-5,1e-5,MS,MLP,Full Finetune,HAR,MS,10.0,accuracy,0.3540489673614502,1e-5
ResNet-SE-5,1e-5,WISDM,MLP,Full Finetune,HAR,WISDM,1.0,accuracy,0.4988479316234588,1e-5
ResNet-SE-5,1e-5,WISDM,MLP,Full Finetune,HAR,WISDM,5.0,accuracy,0.6747311949729919,1e-5
ResNet-SE-5,1e-3,RW-Waist,MLP,Full Finetune,HAR,RW-Waist,50.0,accuracy,0.6801697611808777,1e-3
ResNet-SE-5,1e-3,UCI,MLP,Full Finetune,HAR,UCI,5.0,accuracy,0.7492753863334656,1e-3
ResNet-SE-5,1e-1,UCI,MLP,Full Finetune,HAR,UCI,50.0,accuracy,0.782608687877655,1e-1
ResNet-SE-5,1e-2,WISDM,MLP,Full Finetune,HAR,WISDM,5.0,accuracy,0.7242703437805176,1e-2
ResNet-SE-5,1e-5,RW-Thigh,MLP,Full Finetune,HAR,RW-Thigh,10.0,accuracy,0.3454106152057647,1e-5
ResNet-SE-5,1e-5,RW-Waist,MLP,Full Finetune,HAR,RW-Waist,5.0,accuracy,0.5181326866149902,1e-5
ResNet-SE-5,1e-5,RW-Waist,MLP,Full Finetune,HAR,RW-Waist,1.0,accuracy,0.3094135820865631,1e-5
ResNet-SE-5,1e-3,WISDM,MLP,Full Finetune,HAR,WISDM,25.0,accuracy,0.7319508194923401,1e-3
ResNet-SE-5,1e-2,MS,MLP,Full Finetune,HAR,MS,10.0,accuracy,0.1666666716337204,1e-2
ResNet-SE-5,1e-3,UCI,MLP,Full Finetune,HAR,UCI,200.0,accuracy,0.9275362491607666,1e-3
ResNet-SE-5,1e-1,RW-Thigh,MLP,Full Finetune,HAR,RW-Thigh,25.0,accuracy,0.6759834289550781,1e-1
ResNet-SE-5,1e-1,RW-Waist,MLP,Full Finetune,HAR,RW-Waist,10.0,accuracy,0.323688268661499,1e-1
ResNet-SE-5,1e-2,KH,MLP,Full Finetune,HAR,KH,25.0,accuracy,0.5208333134651184,1e-2
ResNet-SE-5,1e-3,RW-Thigh,MLP,Full Finetune,HAR,RW-Thigh,200.0,accuracy,0.6770186424255371,1e-3
ResNet-SE-5,1e-1,RW-Thigh,MLP,Full Finetune,HAR,RW-Thigh,10.0,accuracy,0.3992408514022827,1e-1
ResNet-SE-5,1e-1,UCI,MLP,Full Finetune,HAR,UCI,1000.0,accuracy,0.7884057760238647,1e-1
ResNet-SE-5,1e-3,UCI,MLP,Full Finetune,HAR,UCI,1.0,accuracy,0.5536231994628906,1e-3
ResNet-SE-5,1e-3,WISDM,MLP,Full Finetune,HAR,WISDM,5.0,accuracy,0.7162058353424072,1e-3
ResNet-SE-5,1e-2,RW-Waist,MLP,Full Finetune,HAR,RW-Waist,100.0,accuracy,0.5667438507080078,1e-2
ResNet-SE-5,1e-1,RW-Waist,MLP,Full Finetune,HAR,RW-Waist,50.0,accuracy,0.6793981194496155,1e-1
ResNet-SE-5,1e-3,KH,MLP,Full Finetune,HAR,KH,5.0,accuracy,0.6597222089767456,1e-3
ResNet-SE-5,1e-2,WISDM,MLP,Full Finetune,HAR,WISDM,200.0,accuracy,0.7384792566299438,1e-2
ResNet-SE-5,1e-1,RW-Thigh,MLP,Full Finetune,HAR,RW-Thigh,200.0,accuracy,0.5976535677909851,1e-1
ResNet-SE-5,1e-3,RW-Thigh,MLP,Full Finetune,HAR,RW-Thigh,5.0,accuracy,0.6024844646453857,1e-3
ResNet-SE-5,1e-4,RW-Thigh,MLP,Full Finetune,HAR,RW-Thigh,1000.0,accuracy,0.6639061570167542,1e-4
ResNet-SE-5,1e-2,UCI,MLP,Full Finetune,HAR,UCI,5.0,accuracy,0.7652173638343811,1e-2
ResNet-SE-5,1e-5,RW-Waist,MLP,Full Finetune,HAR,RW-Waist,200.0,accuracy,0.7202932238578796,1e-5
ResNet-SE-5,1e-3,WISDM,MLP,Full Finetune,HAR,WISDM,200.0,accuracy,0.6662826538085938,1e-3
ResNet-SE-5,1e-4,UCI,MLP,Full Finetune,HAR,UCI,1000.0,accuracy,0.9420289993286132,1e-4
ResNet-SE-5,1e-2,RW-Thigh,MLP,Full Finetune,HAR,RW-Thigh,1000.0,accuracy,0.6746031641960144,1e-2
ResNet-SE-5,1e-1,MS,MLP,Full Finetune,HAR,MS,5.0,accuracy,0.6619585752487183,1e-1
ResNet-SE-5,1e-2,MS,MLP,Full Finetune,HAR,MS,100.0,accuracy,0.7391713857650757,1e-2
ResNet-SE-5,1e-3,MS,MLP,Full Finetune,HAR,MS,5.0,accuracy,0.694915235042572,1e-3
ResNet-SE-5,1e-4,WISDM,MLP,Full Finetune,HAR,WISDM,5.0,accuracy,0.7200461030006409,1e-4
ResNet-SE-5,1e-5,UCI,MLP,Full Finetune,HAR,UCI,1000.0,accuracy,0.8144927620887756,1e-5
ResNet-SE-5,1e-5,UCI,MLP,Full Finetune,HAR,UCI,100.0,accuracy,0.7869565486907959,1e-5
ResNet-SE-5,1e-4,MS,MLP,Full Finetune,HAR,MS,100.0,accuracy,0.7806026339530945,1e-4
ResNet-SE-5,1e-5,WISDM,MLP,Full Finetune,HAR,WISDM,200.0,accuracy,0.7396313548088074,1e-5
ResNet-SE-5,1e-4,RW-Thigh,MLP,Full Finetune,HAR,RW-Thigh,50.0,accuracy,0.7094547748565674,1e-4
ResNet-SE-5,1e-5,UCI,MLP,Full Finetune,HAR,UCI,1.0,accuracy,0.3985507190227508,1e-5
ResNet-SE-5,1e-1,MS,MLP,Full Finetune,HAR,MS,1000.0,accuracy,0.7514124512672424,1e-1
ResNet-SE-5,1e-5,MS,MLP,Full Finetune,HAR,MS,1000.0,accuracy,0.8107344508171082,1e-5
ResNet-SE-5,1e-4,KH,MLP,Full Finetune,HAR,KH,25.0,accuracy,0.5625,1e-4
ResNet-SE-5,1e-5,UCI,MLP,Full Finetune,HAR,UCI,25.0,accuracy,0.7681159377098083,1e-5
ResNet-SE-5,1e-1,MS,MLP,Full Finetune,HAR,MS,100.0,accuracy,0.7269303202629089,1e-1
ResNet-SE-5,1e-1,KH,MLP,Full Finetune,HAR,KH,200.0,accuracy,0.6597222089767456,1e-1
ResNet-SE-5,1e-5,KH,MLP,Full Finetune,HAR,KH,200.0,accuracy,0.7083333134651184,1e-5
ResNet-SE-5,1e-4,KH,MLP,Full Finetune,HAR,KH,10.0,accuracy,0.6180555820465088,1e-4
ResNet-SE-5,1e-3,MS,MLP,Full Finetune,HAR,MS,50.0,accuracy,0.7768361568450928,1e-3
ResNet-SE-5,1e-4,MS,MLP,Full Finetune,HAR,MS,25.0,accuracy,0.8483992218971252,1e-4
ResNet-SE-5,1e-3,KH,MLP,Full Finetune,HAR,KH,1000.0,accuracy,0.5902777910232544,1e-3
ResNet-SE-5,1e-3,RW-Thigh,MLP,Full Finetune,HAR,RW-Thigh,10.0,accuracy,0.5855762362480164,1e-3
ResNet-SE-5,1e-4,MS,MLP,Full Finetune,HAR,MS,25.0,accuracy,0.7457627058029175,1e-4
ResNet-SE-5,1e-2,RW-Waist,MLP,Full Finetune,HAR,RW-Waist,200.0,accuracy,0.6222993731498718,1e-2
ResNet-SE-5,1e-4,KH,MLP,Full Finetune,HAR,KH,100.0,accuracy,0.6111111044883728,1e-4
ResNet-SE-5,1e-2,UCI,MLP,Full Finetune,HAR,UCI,1.0,accuracy,0.643478274345398,1e-2
ResNet-SE-5,1e-4,KH,MLP,Full Finetune,HAR,KH,100.0,accuracy,0.75,1e-4
ResNet-SE-5,1e-3,KH,MLP,Full Finetune,HAR,KH,200.0,accuracy,0.5972222089767456,1e-3
ResNet-SE-5,1e-1,KH,MLP,Full Finetune,HAR,KH,10.0,accuracy,0.4930555522441864,1e-1
ResNet-SE-5,1e-2,UCI,MLP,Full Finetune,HAR,UCI,50.0,accuracy,0.852173924446106,1e-2
ResNet-SE-5,1e-4,RW-Thigh,MLP,Full Finetune,HAR,RW-Thigh,25.0,accuracy,0.660800576210022,1e-4
ResNet-SE-5,1e-2,RW-Thigh,MLP,Full Finetune,HAR,RW-Thigh,25.0,accuracy,0.5296756625175476,1e-2
ResNet-SE-5,1e-1,RW-Waist,MLP,Full Finetune,HAR,RW-Waist,50.0,accuracy,0.6601080298423767,1e-1
ResNet-SE-5,1e-3,WISDM,MLP,Full Finetune,HAR,WISDM,5.0,accuracy,0.641321063041687,1e-3
ResNet-SE-5,1e-1,RW-Thigh,MLP,Full Finetune,HAR,RW-Thigh,1000.0,accuracy,0.7132505178451538,1e-1
ResNet-SE-5,1e-4,RW-Waist,MLP,Full Finetune,HAR,RW-Waist,50.0,accuracy,0.7295524477958679,1e-4
ResNet-SE-5,1e-4,KH,MLP,Full Finetune,HAR,KH,1000.0,accuracy,0.7638888955116272,1e-4
ResNet-SE-5,1e-5,WISDM,MLP,Full Finetune,HAR,WISDM,50.0,accuracy,0.7277265787124634,1e-5
ResNet-SE-5,1e-1,RW-Waist,MLP,Full Finetune,HAR,RW-Waist,10.0,accuracy,0.5636574029922485,1e-1
ResNet-SE-5,1e-1,MS,MLP,Full Finetune,HAR,MS,1.0,accuracy,0.5677965879440308,1e-1
ResNet-SE-5,1e-3,KH,MLP,Full Finetune,HAR,KH,5.0,accuracy,0.6527777910232544,1e-3
ResNet-SE-5,1e-2,RW-Thigh,MLP,Full Finetune,HAR,RW-Thigh,200.0,accuracy,0.6928916573524475,1e-2
ResNet-SE-5,1e-4,WISDM,MLP,Full Finetune,HAR,WISDM,1.0,accuracy,0.6897081136703491,1e-4
ResNet-SE-5,1e-4,KH,MLP,Full Finetune,HAR,KH,200.0,accuracy,0.75,1e-4
ResNet-SE-5,1e-3,MS,MLP,Full Finetune,HAR,MS,1000.0,accuracy,0.956685483455658,1e-3
ResNet-SE-5,1e-5,UCI,MLP,Full Finetune,HAR,UCI,50.0,accuracy,0.717391312122345,1e-5
ResNet-SE-5,1e-5,WISDM,MLP,Full Finetune,HAR,WISDM,25.0,accuracy,0.7354070544242859,1e-5
ResNet-SE-5,1e-4,RW-Thigh,MLP,Full Finetune,HAR,RW-Thigh,10.0,accuracy,0.6155969500541687,1e-4
ResNet-SE-5,1e-2,MS,MLP,Full Finetune,HAR,MS,1.0,accuracy,0.1666666716337204,1e-2
ResNet-SE-5,1e-5,KH,MLP,Full Finetune,HAR,KH,100.0,accuracy,0.5902777910232544,1e-5
ResNet-SE-5,1e-2,MS,MLP,Full Finetune,HAR,MS,10.0,accuracy,0.6986817121505737,1e-2
ResNet-SE-5,1e-2,UCI,MLP,Full Finetune,HAR,UCI,25.0,accuracy,0.7956521511077881,1e-2
ResNet-SE-5,1e-3,KH,MLP,Full Finetune,HAR,KH,50.0,accuracy,0.7083333134651184,1e-3
ResNet-SE-5,1e-3,WISDM,MLP,Full Finetune,HAR,WISDM,50.0,accuracy,0.7357910871505737,1e-3
ResNet-SE-5,1e-4,RW-Waist,MLP,Full Finetune,HAR,RW-Waist,1000.0,accuracy,0.6824845671653748,1e-4
ResNet-SE-5,1e-2,UCI,MLP,Full Finetune,HAR,UCI,1000.0,accuracy,0.969565212726593,1e-2
ResNet-SE-5,1e-2,UCI,MLP,Full Finetune,HAR,UCI,10.0,accuracy,0.7347826361656189,1e-2
ResNet-SE-5,1e-1,RW-Waist,MLP,Full Finetune,HAR,RW-Waist,1000.0,accuracy,0.6925154328346252,1e-1
ResNet-SE-5,1e-3,MS,MLP,Full Finetune,HAR,MS,50.0,accuracy,0.7758945226669312,1e-3
ResNet-SE-5,1e-4,RW-Waist,MLP,Full Finetune,HAR,RW-Waist,1.0,accuracy,0.5895061492919922,1e-4
ResNet-SE-5,1e-4,WISDM,MLP,Full Finetune,HAR,WISDM,1000.0,accuracy,0.8582949042320251,1e-4
ResNet-SE-5,1e-5,UCI,MLP,Full Finetune,HAR,UCI,1.0,accuracy,0.395652174949646,1e-5
ResNet-SE-5,1e-2,MS,MLP,Full Finetune,HAR,MS,50.0,accuracy,0.756120502948761,1e-2
ResNet-SE-5,1e-1,RW-Thigh,MLP,Full Finetune,HAR,RW-Thigh,100.0,accuracy,0.682539701461792,1e-1
ResNet-SE-5,1e-4,KH,MLP,Full Finetune,HAR,KH,10.0,accuracy,0.7013888955116272,1e-4
ResNet-SE-5,1e-5,WISDM,MLP,Full Finetune,HAR,WISDM,5.0,accuracy,0.4235790967941284,1e-5
ResNet-SE-5,1e-4,RW-Thigh,MLP,Full Finetune,HAR,RW-Thigh,1.0,accuracy,0.4558316171169281,1e-4
ResNet-SE-5,1e-3,WISDM,MLP,Full Finetune,HAR,WISDM,100.0,accuracy,0.8337173461914062,1e-3
ResNet-SE-5,1e-5,MS,MLP,Full Finetune,HAR,MS,10.0,accuracy,0.4510357677936554,1e-5
ResNet-SE-5,1e-2,WISDM,MLP,Full Finetune,HAR,WISDM,50.0,accuracy,0.7880184054374695,1e-2
ResNet-SE-5,1e-5,RW-Thigh,MLP,Full Finetune,HAR,RW-Thigh,25.0,accuracy,0.4665286540985107,1e-5
ResNet-SE-5,1e-3,KH,MLP,Full Finetune,HAR,KH,1.0,accuracy,0.4305555522441864,1e-3
ResNet-SE-5,1e-2,WISDM,MLP,Full Finetune,HAR,WISDM,10.0,accuracy,0.6950845122337341,1e-2
ResNet-SE-5,1e-4,UCI,MLP,Full Finetune,HAR,UCI,50.0,accuracy,0.8710144758224487,1e-4
ResNet-SE-5,1e-5,KH,MLP,Full Finetune,HAR,KH,10.0,accuracy,0.4722222089767456,1e-5
ResNet-SE-5,1e-2,RW-Thigh,MLP,Full Finetune,HAR,RW-Thigh,1.0,accuracy,0.1656314730644226,1e-2
ResNet-SE-5,1e-5,UCI,MLP,Full Finetune,HAR,UCI,200.0,accuracy,0.7971014380455017,1e-5
ResNet-SE-5,1e-5,UCI,MLP,Full Finetune,HAR,UCI,1.0,accuracy,0.2565217316150665,1e-5
ResNet-SE-5,1e-3,RW-Thigh,MLP,Full Finetune,HAR,RW-Thigh,5.0,accuracy,0.5810903906822205,1e-3
ResNet-SE-5,1e-5,UCI,MLP,Full Finetune,HAR,UCI,100.0,accuracy,0.7927536368370056,1e-5
ResNet-SE-5,1e-2,MS,MLP,Full Finetune,HAR,MS,50.0,accuracy,0.6883239150047302,1e-2
ResNet-SE-5,1e-3,MS,MLP,Full Finetune,HAR,MS,1.0,accuracy,0.5273069739341736,1e-3
ResNet-SE-5,1e-4,RW-Waist,MLP,Full Finetune,HAR,RW-Waist,25.0,accuracy,0.7380401492118835,1e-4
ResNet-SE-5,1e-1,RW-Waist,MLP,Full Finetune,HAR,RW-Waist,5.0,accuracy,0.529321014881134,1e-1
ResNet-SE-5,1e-1,RW-Thigh,MLP,Full Finetune,HAR,RW-Thigh,100.0,accuracy,0.6131815314292908,1e-1
ResNet-SE-5,1e-3,MS,MLP,Full Finetune,HAR,MS,100.0,accuracy,0.8022598624229431,1e-3
ResNet-SE-5,1e-4,RW-Waist,MLP,Full Finetune,HAR,RW-Waist,10.0,accuracy,0.5532407164573669,1e-4
ResNet-SE-5,1e-4,WISDM,MLP,Full Finetune,HAR,WISDM,25.0,accuracy,0.7373272180557251,1e-4
ResNet-SE-5,1e-3,UCI,MLP,Full Finetune,HAR,UCI,200.0,accuracy,0.9420289993286132,1e-3
ResNet-SE-5,1e-3,KH,MLP,Full Finetune,HAR,KH,200.0,accuracy,0.5416666865348816,1e-3
ResNet-SE-5,1e-1,KH,MLP,Full Finetune,HAR,KH,25.0,accuracy,0.5347222089767456,1e-1
ResNet-SE-5,1e-4,MS,MLP,Full Finetune,HAR,MS,200.0,accuracy,0.7919020652770996,1e-4
ResNet-SE-5,1e-2,MS,MLP,Full Finetune,HAR,MS,200.0,accuracy,0.7777777910232544,1e-2
ResNet-SE-5,1e-1,WISDM,MLP,Full Finetune,HAR,WISDM,100.0,accuracy,0.6843317747116089,1e-1
ResNet-SE-5,1e-2,RW-Thigh,MLP,Full Finetune,HAR,RW-Thigh,50.0,accuracy,0.6062802076339722,1e-2
ResNet-SE-5,1e-2,WISDM,MLP,Full Finetune,HAR,WISDM,200.0,accuracy,0.7073732614517212,1e-2
ResNet-SE-5,1e-3,WISDM,MLP,Full Finetune,HAR,WISDM,1000.0,accuracy,0.8594470024108887,1e-3
ResNet-SE-5,1e-2,RW-Thigh,MLP,Full Finetune,HAR,RW-Thigh,100.0,accuracy,0.7080745100975037,1e-2
ResNet-SE-5,1e-4,UCI,MLP,Full Finetune,HAR,UCI,200.0,accuracy,0.9057971239089966,1e-4
ResNet-SE-5,1e-5,RW-Waist,MLP,Full Finetune,HAR,RW-Waist,100.0,accuracy,0.6766975522041321,1e-5
ResNet-SE-5,1e-2,KH,MLP,Full Finetune,HAR,KH,100.0,accuracy,0.7152777910232544,1e-2
ResNet-SE-5,1e-4,UCI,MLP,Full Finetune,HAR,UCI,1000.0,accuracy,0.9449275135993958,1e-4
ResNet-SE-5,1e-5,RW-Waist,MLP,Full Finetune,HAR,RW-Waist,200.0,accuracy,0.7118055820465088,1e-5
ResNet-SE-5,1e-2,MS,MLP,Full Finetune,HAR,MS,5.0,accuracy,0.1666666716337204,1e-2
ResNet-SE-5,1e-3,RW-Waist,MLP,Full Finetune,HAR,RW-Waist,100.0,accuracy,0.6712962985038757,1e-3
ResNet-SE-5,1e-2,UCI,MLP,Full Finetune,HAR,UCI,5.0,accuracy,0.7855072617530823,1e-2
ResNet-SE-5,1e-1,RW-Thigh,MLP,Full Finetune,HAR,RW-Thigh,50.0,accuracy,0.5955831408500671,1e-1
ResNet-SE-5,1e-1,WISDM,MLP,Full Finetune,HAR,WISDM,10.0,accuracy,0.7730414867401123,1e-1
ResNet-SE-5,1e-2,WISDM,MLP,Full Finetune,HAR,WISDM,1.0,accuracy,0.25,1e-2
ResNet-SE-5,1e-3,MS,MLP,Full Finetune,HAR,MS,50.0,accuracy,0.7344632744789124,1e-3
ResNet-SE-5,1e-3,RW-Waist,MLP,Full Finetune,HAR,RW-Waist,5.0,accuracy,0.5609567761421204,1e-3
ResNet-SE-5,1e-4,WISDM,MLP,Full Finetune,HAR,WISDM,1.0,accuracy,0.3087557554244995,1e-4
ResNet-SE-5,1e-1,UCI,MLP,Full Finetune,HAR,UCI,25.0,accuracy,0.7623188495635986,1e-1
ResNet-SE-5,1e-5,RW-Thigh,MLP,Full Finetune,HAR,RW-Thigh,1.0,accuracy,0.3260869681835174,1e-5
ResNet-SE-5,1e-2,UCI,MLP,Full Finetune,HAR,UCI,25.0,accuracy,0.8014492988586426,1e-2
ResNet-SE-5,1e-4,RW-Thigh,MLP,Full Finetune,HAR,RW-Thigh,50.0,accuracy,0.6880607604980469,1e-4
ResNet-SE-5,1e-1,KH,MLP,Full Finetune,HAR,KH,50.0,accuracy,0.4930555522441864,1e-1
ResNet-SE-5,1e-4,RW-Thigh,MLP,Full Finetune,HAR,RW-Thigh,100.0,accuracy,0.7025535106658936,1e-4
ResNet-SE-5,1e-4,RW-Waist,MLP,Full Finetune,HAR,RW-Waist,25.0,accuracy,0.6631944179534912,1e-4
ResNet-SE-5,1e-1,UCI,MLP,Full Finetune,HAR,UCI,25.0,accuracy,0.7681159377098083,1e-1
ResNet-SE-5,1e-3,UCI,MLP,Full Finetune,HAR,UCI,10.0,accuracy,0.7724637389183044,1e-3
ResNet-SE-5,1e-5,UCI,MLP,Full Finetune,HAR,UCI,50.0,accuracy,0.686956524848938,1e-5
ResNet-SE-5,1e-1,RW-Thigh,MLP,Full Finetune,HAR,RW-Thigh,1000.0,accuracy,0.6473429799079895,1e-1
ResNet-SE-5,1e-2,UCI,MLP,Full Finetune,HAR,UCI,1000.0,accuracy,0.9710144996643066,1e-2
ResNet-SE-5,1e-5,MS,MLP,Full Finetune,HAR,MS,50.0,accuracy,0.6035781502723694,1e-5
ResNet-SE-5,1e-3,UCI,MLP,Full Finetune,HAR,UCI,1000.0,accuracy,0.9666666388511658,1e-3
ResNet-SE-5,1e-3,RW-Thigh,MLP,Full Finetune,HAR,RW-Thigh,5.0,accuracy,0.5517598390579224,1e-3
ResNet-SE-5,1e-1,MS,MLP,Full Finetune,HAR,MS,100.0,accuracy,0.729755163192749,1e-1
ResNet-SE-5,1e-1,UCI,MLP,Full Finetune,HAR,UCI,10.0,accuracy,0.7362318634986877,1e-1
ResNet-SE-5,1e-1,WISDM,MLP,Full Finetune,HAR,WISDM,1000.0,accuracy,0.7342550158500671,1e-1
ResNet-SE-5,1e-1,UCI,MLP,Full Finetune,HAR,UCI,5.0,accuracy,0.7652173638343811,1e-1
ResNet-SE-5,1e-4,MS,MLP,Full Finetune,HAR,MS,1.0,accuracy,0.6158192157745361,1e-4
ResNet-SE-5,1e-4,WISDM,MLP,Full Finetune,HAR,WISDM,10.0,accuracy,0.722734272480011,1e-4
ResNet-SE-5,1e-4,MS,MLP,Full Finetune,HAR,MS,1.0,accuracy,0.6158192157745361,1e-4
ResNet-SE-5,1e-2,MS,MLP,Full Finetune,HAR,MS,1.0,accuracy,0.5386064052581787,1e-2
ResNet-SE-5,1e-5,UCI,MLP,Full Finetune,HAR,UCI,25.0,accuracy,0.6115942001342773,1e-5
ResNet-SE-5,1e-4,UCI,MLP,Full Finetune,HAR,UCI,5.0,accuracy,0.7855072617530823,1e-4
ResNet-SE-5,1e-2,UCI,MLP,Full Finetune,HAR,UCI,100.0,accuracy,0.886956512928009,1e-2
ResNet-SE-5,1e-5,RW-Thigh,MLP,Full Finetune,HAR,RW-Thigh,100.0,accuracy,0.6770186424255371,1e-5
ResNet-SE-5,1e-5,UCI,MLP,Full Finetune,HAR,UCI,10.0,accuracy,0.5579710006713867,1e-5
ResNet-SE-5,1e-3,UCI,MLP,Full Finetune,HAR,UCI,1.0,accuracy,0.7405797243118286,1e-3
ResNet-SE-5,1e-2,RW-Thigh,MLP,Full Finetune,HAR,RW-Thigh,100.0,accuracy,0.6394065022468567,1e-2
ResNet-SE-5,1e-3,MS,MLP,Full Finetune,HAR,MS,10.0,accuracy,0.6318267583847046,1e-3
ResNet-SE-5,1e-5,WISDM,MLP,Full Finetune,HAR,WISDM,1000.0,accuracy,0.8479262590408325,1e-5
ResNet-SE-5,1e-1,MS,MLP,Full Finetune,HAR,MS,10.0,accuracy,0.743879497051239,1e-1
ResNet-SE-5,1e-2,RW-Thigh,MLP,Full Finetune,HAR,RW-Thigh,1.0,accuracy,0.1666666716337204,1e-2
ResNet-SE-5,1e-3,MS,MLP,Full Finetune,HAR,MS,200.0,accuracy,0.7862523794174194,1e-3
ResNet-SE-5,1e-2,RW-Waist,MLP,Full Finetune,HAR,RW-Waist,50.0,accuracy,0.6616512537002563,1e-2
ResNet-SE-5,1e-4,WISDM,MLP,Full Finetune,HAR,WISDM,10.0,accuracy,0.7427035570144653,1e-4
ResNet-SE-5,1e-2,MS,MLP,Full Finetune,HAR,MS,10.0,accuracy,0.4755178987979889,1e-2
ResNet-SE-5,1e-1,WISDM,MLP,Full Finetune,HAR,WISDM,25.0,accuracy,0.7354070544242859,1e-1
ResNet-SE-5,1e-3,RW-Waist,MLP,Full Finetune,HAR,RW-Waist,1.0,accuracy,0.5675154328346252,1e-3
ResNet-SE-5,1e-2,RW-Waist,MLP,Full Finetune,HAR,RW-Waist,1.0,accuracy,0.4822530746459961,1e-2
ResNet-SE-5,1e-1,KH,MLP,Full Finetune,HAR,KH,1.0,accuracy,0.4930555522441864,1e-1
ResNet-SE-5,1e-3,UCI,MLP,Full Finetune,HAR,UCI,1000.0,accuracy,0.9579710364341736,1e-3
ResNet-SE-5,1e-1,RW-Thigh,MLP,Full Finetune,HAR,RW-Thigh,10.0,accuracy,0.5289855003356934,1e-1
ResNet-SE-5,1e-5,WISDM,MLP,Full Finetune,HAR,WISDM,50.0,accuracy,0.7250384092330933,1e-5
ResNet-SE-5,1e-2,RW-Waist,MLP,Full Finetune,HAR,RW-Waist,50.0,accuracy,0.6554784178733826,1e-2
ResNet-SE-5,1e-2,WISDM,MLP,Full Finetune,HAR,WISDM,50.0,accuracy,0.6977726817131042,1e-2
ResNet-SE-5,1e-1,RW-Thigh,MLP,Full Finetune,HAR,RW-Thigh,1.0,accuracy,0.4306418299674988,1e-1
ResNet-SE-5,1e-3,MS,MLP,Full Finetune,HAR,MS,1.0,accuracy,0.5094162225723267,1e-3
ResNet-SE-5,1e-4,MS,MLP,Full Finetune,HAR,MS,50.0,accuracy,0.8305084705352783,1e-4
ResNet-SE-5,1e-1,KH,MLP,Full Finetune,HAR,KH,1.0,accuracy,0.5138888955116272,1e-1
ResNet-SE-5,1e-3,RW-Thigh,MLP,Full Finetune,HAR,RW-Thigh,100.0,accuracy,0.6445824503898621,1e-3
ResNet-SE-5,1e-4,KH,MLP,Full Finetune,HAR,KH,50.0,accuracy,0.5972222089767456,1e-4
ResNet-SE-5,1e-2,UCI,MLP,Full Finetune,HAR,UCI,1.0,accuracy,0.2000000029802322,1e-2
ResNet-SE-5,1e-1,UCI,MLP,Full Finetune,HAR,UCI,50.0,accuracy,0.8159420490264893,1e-1
ResNet-SE-5,1e-2,KH,MLP,Full Finetune,HAR,KH,25.0,accuracy,0.5694444179534912,1e-2
ResNet-SE-5,1e-2,RW-Waist,MLP,Full Finetune,HAR,RW-Waist,10.0,accuracy,0.1666666716337204,1e-2
ResNet-SE-5,1e-3,RW-Thigh,MLP,Full Finetune,HAR,RW-Thigh,10.0,accuracy,0.6970324516296387,1e-3
ResNet-SE-5,1e-1,WISDM,MLP,Full Finetune,HAR,WISDM,200.0,accuracy,0.7211981415748596,1e-1
ResNet-SE-5,1e-2,KH,MLP,Full Finetune,HAR,KH,1.0,accuracy,0.1666666716337204,1e-2
ResNet-SE-5,1e-1,UCI,MLP,Full Finetune,HAR,UCI,200.0,accuracy,0.7927536368370056,1e-1
ResNet-SE-5,1e-4,RW-Thigh,MLP,Full Finetune,HAR,RW-Thigh,100.0,accuracy,0.6725327968597412,1e-4
ResNet-SE-5,1e-3,RW-Waist,MLP,Full Finetune,HAR,RW-Waist,100.0,accuracy,0.7164351940155029,1e-3
ResNet-SE-5,1e-4,MS,MLP,Full Finetune,HAR,MS,100.0,accuracy,0.7947269082069397,1e-4
ResNet-SE-5,1e-4,WISDM,MLP,Full Finetune,HAR,WISDM,5.0,accuracy,0.698924720287323,1e-4
ResNet-SE-5,1e-2,RW-Thigh,MLP,Full Finetune,HAR,RW-Thigh,10.0,accuracy,0.1666666716337204,1e-2
ResNet-SE-5,1e-5,RW-Waist,MLP,Full Finetune,HAR,RW-Waist,1.0,accuracy,0.3842592537403106,1e-5
ResNet-SE-5,1e-3,RW-Thigh,MLP,Full Finetune,HAR,RW-Thigh,50.0,accuracy,0.7135955691337585,1e-3
ResNet-SE-5,1e-5,MS,MLP,Full Finetune,HAR,MS,1.0,accuracy,0.4576271176338196,1e-5
ResNet-SE-5,1e-1,RW-Waist,MLP,Full Finetune,HAR,RW-Waist,25.0,accuracy,0.6280864477157593,1e-1
ResNet-SE-5,1e-3,WISDM,MLP,Full Finetune,HAR,WISDM,50.0,accuracy,0.7062212228775024,1e-3
ResNet-SE-5,1e-3,RW-Waist,MLP,Full Finetune,HAR,RW-Waist,200.0,accuracy,0.6863425970077515,1e-3
ResNet-SE-5,1e-3,MS,MLP,Full Finetune,HAR,MS,25.0,accuracy,0.7429378628730774,1e-3
ResNet-SE-5,1e-2,RW-Waist,MLP,Full Finetune,HAR,RW-Waist,1000.0,accuracy,0.6863425970077515,1e-2
ResNet-SE-5,1e-1,WISDM,MLP,Full Finetune,HAR,WISDM,1.0,accuracy,0.6029185652732849,1e-1
ResNet-SE-5,1e-1,KH,MLP,Full Finetune,HAR,KH,100.0,accuracy,0.5486111044883728,1e-1
ResNet-SE-5,1e-4,MS,MLP,Full Finetune,HAR,MS,10.0,accuracy,0.7118644118309021,1e-4
ResNet-SE-5,1e-1,KH,MLP,Full Finetune,HAR,KH,1000.0,accuracy,0.5625,1e-1
ResNet-SE-5,1e-3,UCI,MLP,Full Finetune,HAR,UCI,200.0,accuracy,0.926086962223053,1e-3
ResNet-SE-5,1e-5,KH,MLP,Full Finetune,HAR,KH,100.0,accuracy,0.6597222089767456,1e-5
ResNet-SE-5,1e-4,MS,MLP,Full Finetune,HAR,MS,200.0,accuracy,0.8022598624229431,1e-4
ResNet-SE-5,1e-1,UCI,MLP,Full Finetune,HAR,UCI,1.0,accuracy,0.4202898442745209,1e-1
ResNet-SE-5,1e-4,WISDM,MLP,Full Finetune,HAR,WISDM,1.0,accuracy,0.4005376398563385,1e-4
ResNet-SE-5,1e-5,RW-Waist,MLP,Full Finetune,HAR,RW-Waist,100.0,accuracy,0.7021604776382446,1e-5
ResNet-SE-5,1e-1,RW-Waist,MLP,Full Finetune,HAR,RW-Waist,100.0,accuracy,0.7002314925193787,1e-1
ResNet-SE-5,1e-3,WISDM,MLP,Full Finetune,HAR,WISDM,10.0,accuracy,0.7461597323417664,1e-3
ResNet-SE-5,1e-3,RW-Thigh,MLP,Full Finetune,HAR,RW-Thigh,200.0,accuracy,0.6656314730644226,1e-3
ResNet-SE-5,1e-4,WISDM,MLP,Full Finetune,HAR,WISDM,25.0,accuracy,0.7158218026161194,1e-4
ResNet-SE-5,1e-1,RW-Thigh,MLP,Full Finetune,HAR,RW-Thigh,1.0,accuracy,0.2750172615051269,1e-1
ResNet-SE-5,1e-2,KH,MLP,Full Finetune,HAR,KH,200.0,accuracy,0.6736111044883728,1e-2
ResNet-SE-5,1e-5,RW-Thigh,MLP,Full Finetune,HAR,RW-Thigh,200.0,accuracy,0.7363699078559875,1e-5
ResNet-SE-5,1e-3,KH,MLP,Full Finetune,HAR,KH,100.0,accuracy,0.6041666865348816,1e-3
ResNet-SE-5,1e-1,KH,MLP,Full Finetune,HAR,KH,50.0,accuracy,0.625,1e-1
ResNet-SE-5,1e-4,RW-Waist,MLP,Full Finetune,HAR,RW-Waist,1000.0,accuracy,0.7164351940155029,1e-4
ResNet-SE-5,1e-5,MS,MLP,Full Finetune,HAR,MS,100.0,accuracy,0.7523540258407593,1e-5
ResNet-SE-5,1e-2,RW-Waist,MLP,Full Finetune,HAR,RW-Waist,25.0,accuracy,0.5763888955116272,1e-2
ResNet-SE-5,1e-4,RW-Thigh,MLP,Full Finetune,HAR,RW-Thigh,5.0,accuracy,0.6483781933784485,1e-4
ResNet-SE-5,1e-5,RW-Waist,MLP,Full Finetune,HAR,RW-Waist,1000.0,accuracy,0.7048611044883728,1e-5
ResNet-SE-5,1e-4,MS,MLP,Full Finetune,HAR,MS,5.0,accuracy,0.700564980506897,1e-4
ResNet-SE-5,1e-4,RW-Waist,MLP,Full Finetune,HAR,RW-Waist,10.0,accuracy,0.6122685074806213,1e-4
ResNet-SE-5,1e-1,RW-Thigh,MLP,Full Finetune,HAR,RW-Thigh,200.0,accuracy,0.6204279065132141,1e-1
ResNet-SE-5,1e-3,RW-Thigh,MLP,Full Finetune,HAR,RW-Thigh,25.0,accuracy,0.6507936716079712,1e-3
ResNet-SE-5,1e-3,KH,MLP,Full Finetune,HAR,KH,10.0,accuracy,0.7291666865348816,1e-3
ResNet-SE-5,1e-5,UCI,MLP,Full Finetune,HAR,UCI,200.0,accuracy,0.7840579748153687,1e-5
ResNet-SE-5,1e-2,RW-Waist,MLP,Full Finetune,HAR,RW-Waist,50.0,accuracy,0.5447530746459961,1e-2
ResNet-SE-5,1e-2,WISDM,MLP,Full Finetune,HAR,WISDM,1.0,accuracy,0.25,1e-2
ResNet-SE-5,1e-1,RW-Waist,MLP,Full Finetune,HAR,RW-Waist,50.0,accuracy,0.7087191343307495,1e-1
ResNet-SE-5,1e-4,UCI,MLP,Full Finetune,HAR,UCI,5.0,accuracy,0.7449275255203247,1e-4
ResNet-SE-5,1e-1,RW-Waist,MLP,Full Finetune,HAR,RW-Waist,25.0,accuracy,0.6331018805503845,1e-1
ResNet-SE-5,1e-3,WISDM,MLP,Full Finetune,HAR,WISDM,25.0,accuracy,0.7254224419593811,1e-3
ResNet-SE-5,1e-2,UCI,MLP,Full Finetune,HAR,UCI,100.0,accuracy,0.9333333373069764,1e-2
ResNet-SE-5,1e-4,UCI,MLP,Full Finetune,HAR,UCI,1.0,accuracy,0.6840579509735107,1e-4
ResNet-SE-5,1e-5,WISDM,MLP,Full Finetune,HAR,WISDM,200.0,accuracy,0.7430875301361084,1e-5
ResNet-SE-5,1e-5,MS,MLP,Full Finetune,HAR,MS,1.0,accuracy,0.33427494764328,1e-5
ResNet-SE-5,1e-5,KH,MLP,Full Finetune,HAR,KH,25.0,accuracy,0.5069444179534912,1e-5
ResNet-SE-5,1e-5,RW-Waist,MLP,Full Finetune,HAR,RW-Waist,50.0,accuracy,0.5767747163772583,1e-5
ResNet-SE-5,1e-5,MS,MLP,Full Finetune,HAR,MS,100.0,accuracy,0.778719425201416,1e-5
ResNet-SE-5,1e-4,WISDM,MLP,Full Finetune,HAR,WISDM,50.0,accuracy,0.7046850919723511,1e-4
ResNet-SE-5,1e-2,WISDM,MLP,Full Finetune,HAR,WISDM,1.0,accuracy,0.6432411670684814,1e-2
ResNet-SE-5,1e-5,RW-Waist,MLP,Full Finetune,HAR,RW-Waist,200.0,accuracy,0.7202932238578796,1e-5
ResNet-SE-5,1e-4,KH,MLP,Full Finetune,HAR,KH,100.0,accuracy,0.6736111044883728,1e-4
ResNet-SE-5,1e-3,UCI,MLP,Full Finetune,HAR,UCI,5.0,accuracy,0.7724637389183044,1e-3
ResNet-SE-5,1e-4,RW-Thigh,MLP,Full Finetune,HAR,RW-Thigh,25.0,accuracy,0.7591442465782166,1e-4
ResNet-SE-5,1e-3,MS,MLP,Full Finetune,HAR,MS,200.0,accuracy,0.770244836807251,1e-3
ResNet-SE-5,1e-5,RW-Thigh,MLP,Full Finetune,HAR,RW-Thigh,50.0,accuracy,0.6414768695831299,1e-5
ResNet-SE-5,1e-1,RW-Thigh,MLP,Full Finetune,HAR,RW-Thigh,200.0,accuracy,0.6859903335571289,1e-1
ResNet-SE-5,1e-2,RW-Thigh,MLP,Full Finetune,HAR,RW-Thigh,25.0,accuracy,0.6818495392799377,1e-2
ResNet-SE-5,1e-2,MS,MLP,Full Finetune,HAR,MS,5.0,accuracy,0.7429378628730774,1e-2
ResNet-SE-5,1e-2,MS,MLP,Full Finetune,HAR,MS,5.0,accuracy,0.5932203531265259,1e-2
ResNet-SE-5,1e-1,MS,MLP,Full Finetune,HAR,MS,10.0,accuracy,0.5941619873046875,1e-1
ResNet-SE-5,1e-4,MS,MLP,Full Finetune,HAR,MS,10.0,accuracy,0.7589454054832458,1e-4
ResNet-SE-5,1e-1,RW-Thigh,MLP,Full Finetune,HAR,RW-Thigh,50.0,accuracy,0.718426525592804,1e-1
ResNet-SE-5,1e-5,RW-Waist,MLP,Full Finetune,HAR,RW-Waist,25.0,accuracy,0.5343364477157593,1e-5
ResNet-SE-5,1e-5,UCI,MLP,Full Finetune,HAR,UCI,5.0,accuracy,0.5130434632301331,1e-5
ResNet-SE-5,1e-2,MS,MLP,Full Finetune,HAR,MS,200.0,accuracy,0.770244836807251,1e-2
ResNet-SE-5,1e-2,MS,MLP,Full Finetune,HAR,MS,25.0,accuracy,0.7429378628730774,1e-2
ResNet-SE-5,1e-1,KH,MLP,Full Finetune,HAR,KH,1000.0,accuracy,0.7430555820465088,1e-1
ResNet-SE-5,1e-3,MS,MLP,Full Finetune,HAR,MS,100.0,accuracy,0.8540489673614502,1e-3
ResNet-SE-5,1e-4,RW-Waist,MLP,Full Finetune,HAR,RW-Waist,100.0,accuracy,0.707561731338501,1e-4
ResNet-SE-5,1e-4,KH,MLP,Full Finetune,HAR,KH,5.0,accuracy,0.6944444179534912,1e-4
ResNet-SE-5,1e-2,KH,MLP,Full Finetune,HAR,KH,5.0,accuracy,0.1666666716337204,1e-2
ResNet-SE-5,1e-1,RW-Thigh,MLP,Full Finetune,HAR,RW-Thigh,25.0,accuracy,0.5766045451164246,1e-1
ResNet-SE-5,1e-3,KH,MLP,Full Finetune,HAR,KH,25.0,accuracy,0.5138888955116272,1e-3
ResNet-SE-5,1e-4,RW-Waist,MLP,Full Finetune,HAR,RW-Waist,25.0,accuracy,0.6890432238578796,1e-4
ResNet-SE-5,1e-5,RW-Thigh,MLP,Full Finetune,HAR,RW-Thigh,200.0,accuracy,0.739130437374115,1e-5
ResNet-SE-5,1e-1,MS,MLP,Full Finetune,HAR,MS,50.0,accuracy,0.770244836807251,1e-1
ResNet-SE-5,1e-1,WISDM,MLP,Full Finetune,HAR,WISDM,1.0,accuracy,0.4719662070274353,1e-1
ResNet-SE-5,1e-3,UCI,MLP,Full Finetune,HAR,UCI,25.0,accuracy,0.8333333134651184,1e-3
ResNet-SE-5,1e-1,RW-Thigh,MLP,Full Finetune,HAR,RW-Thigh,1000.0,accuracy,0.6404416561126709,1e-1
ResNet-SE-5,1e-2,RW-Waist,MLP,Full Finetune,HAR,RW-Waist,5.0,accuracy,0.1415895074605941,1e-2
ResNet-SE-5,1e-1,MS,MLP,Full Finetune,HAR,MS,50.0,accuracy,0.700564980506897,1e-1
ResNet-SE-5,1e-4,RW-Thigh,MLP,Full Finetune,HAR,RW-Thigh,10.0,accuracy,0.6535542011260986,1e-4
ResNet-SE-5,1e-3,WISDM,MLP,Full Finetune,HAR,WISDM,1.0,accuracy,0.6140552759170532,1e-3
ResNet-SE-5,1e-2,RW-Waist,MLP,Full Finetune,HAR,RW-Waist,1000.0,accuracy,0.6523919701576233,1e-2
ResNet-SE-5,1e-4,RW-Waist,MLP,Full Finetune,HAR,RW-Waist,1000.0,accuracy,0.6990740895271301,1e-4
ResNet-SE-5,1e-3,RW-Waist,MLP,Full Finetune,HAR,RW-Waist,25.0,accuracy,0.6157407164573669,1e-3
ResNet-SE-5,1e-5,WISDM,MLP,Full Finetune,HAR,WISDM,1000.0,accuracy,0.8529185652732849,1e-5
ResNet-SE-5,1e-3,RW-Waist,MLP,Full Finetune,HAR,RW-Waist,1000.0,accuracy,0.7492284178733826,1e-3
ResNet-SE-5,1e-4,UCI,MLP,Full Finetune,HAR,UCI,50.0,accuracy,0.8623188138008118,1e-4
ResNet-SE-5,1e-2,MS,MLP,Full Finetune,HAR,MS,100.0,accuracy,0.756120502948761,1e-2
ResNet-SE-5,1e-2,KH,MLP,Full Finetune,HAR,KH,5.0,accuracy,0.1666666716337204,1e-2
ResNet-SE-5,1e-4,RW-Thigh,MLP,Full Finetune,HAR,RW-Thigh,50.0,accuracy,0.7225672602653503,1e-4
ResNet-SE-5,1e-3,RW-Thigh,MLP,Full Finetune,HAR,RW-Thigh,1000.0,accuracy,0.6652864217758179,1e-3
ResNet-SE-5,1e-5,RW-Thigh,MLP,Full Finetune,HAR,RW-Thigh,5.0,accuracy,0.4637681245803833,1e-5
ResNet-SE-5,1e-4,WISDM,MLP,Full Finetune,HAR,WISDM,200.0,accuracy,0.8360214829444885,1e-4
ResNet-SE-5,1e-2,WISDM,MLP,Full Finetune,HAR,WISDM,1000.0,accuracy,0.8579109311103821,1e-2
ResNet-SE-5,1e-3,RW-Waist,MLP,Full Finetune,HAR,RW-Waist,25.0,accuracy,0.6261574029922485,1e-3
ResNet-SE-5,1e-1,RW-Waist,MLP,Full Finetune,HAR,RW-Waist,1.0,accuracy,0.4386574029922485,1e-1
ResNet-SE-5,1e-2,RW-Thigh,MLP,Full Finetune,HAR,RW-Thigh,5.0,accuracy,0.6069703102111816,1e-2
ResNet-SE-5,1e-5,MS,MLP,Full Finetune,HAR,MS,200.0,accuracy,0.7947269082069397,1e-5
ResNet-SE-5,1e-5,RW-Waist,MLP,Full Finetune,HAR,RW-Waist,50.0,accuracy,0.59375,1e-5
ResNet-SE-5,1e-1,WISDM,MLP,Full Finetune,HAR,WISDM,10.0,accuracy,0.7427035570144653,1e-1
ResNet-SE-5,1e-5,WISDM,MLP,Full Finetune,HAR,WISDM,5.0,accuracy,0.7104454636573792,1e-5
ResNet-SE-5,1e-4,RW-Waist,MLP,Full Finetune,HAR,RW-Waist,5.0,accuracy,0.5158178806304932,1e-4
ResNet-SE-5,1e-1,MS,MLP,Full Finetune,HAR,MS,50.0,accuracy,0.6610169410705566,1e-1
ResNet-SE-5,1e-5,RW-Thigh,MLP,Full Finetune,HAR,RW-Thigh,50.0,accuracy,0.5631470084190369,1e-5
ResNet-SE-5,1e-5,RW-Thigh,MLP,Full Finetune,HAR,RW-Thigh,1.0,accuracy,0.3971704542636871,1e-5
ResNet-SE-5,1e-5,RW-Thigh,MLP,Full Finetune,HAR,RW-Thigh,5.0,accuracy,0.3543823361396789,1e-5
ResNet-SE-5,1e-2,UCI,MLP,Full Finetune,HAR,UCI,25.0,accuracy,0.8057971000671387,1e-2
ResNet-SE-5,1e-4,UCI,MLP,Full Finetune,HAR,UCI,5.0,accuracy,0.7840579748153687,1e-4
ResNet-SE-5,1e-3,WISDM,MLP,Full Finetune,HAR,WISDM,100.0,accuracy,0.7346389889717102,1e-3
ResNet-SE-5,1e-3,UCI,MLP,Full Finetune,HAR,UCI,5.0,accuracy,0.7985507249832153,1e-3
ResNet-SE-5,1e-3,RW-Thigh,MLP,Full Finetune,HAR,RW-Thigh,1000.0,accuracy,0.6873705983161926,1e-3
ResNet-SE-5,1e-1,RW-Waist,MLP,Full Finetune,HAR,RW-Waist,1.0,accuracy,0.4726080298423767,1e-1
ResNet-SE-5,1e-2,RW-Waist,MLP,Full Finetune,HAR,RW-Waist,10.0,accuracy,0.5671296119689941,1e-2
ResNet-SE-5,1e-2,RW-Waist,MLP,Full Finetune,HAR,RW-Waist,25.0,accuracy,0.5767747163772583,1e-2
ResNet-SE-5,1e-5,MS,MLP,Full Finetune,HAR,MS,1000.0,accuracy,0.8568738102912903,1e-5
ResNet-SE-5,1e-5,KH,MLP,Full Finetune,HAR,KH,1000.0,accuracy,0.6527777910232544,1e-5
ResNet-SE-5,1e-3,WISDM,MLP,Full Finetune,HAR,WISDM,5.0,accuracy,0.7384792566299438,1e-3
ResNet-SE-5,1e-2,RW-Waist,MLP,Full Finetune,HAR,RW-Waist,100.0,accuracy,0.709876537322998,1e-2
ResNet-SE-5,1e-2,WISDM,MLP,Full Finetune,HAR,WISDM,50.0,accuracy,0.7427035570144653,1e-2
ResNet-SE-5,1e-5,KH,MLP,Full Finetune,HAR,KH,1.0,accuracy,0.3680555522441864,1e-5
ResNet-SE-5,1e-4,KH,MLP,Full Finetune,HAR,KH,1000.0,accuracy,0.7569444179534912,1e-4
ResNet-SE-5,1e-3,RW-Thigh,MLP,Full Finetune,HAR,RW-Thigh,100.0,accuracy,0.658730149269104,1e-3
ResNet-SE-5,1e-1,RW-Waist,MLP,Full Finetune,HAR,RW-Waist,5.0,accuracy,0.4768518507480621,1e-1
ResNet-SE-5,1e-5,RW-Waist,MLP,Full Finetune,HAR,RW-Waist,25.0,accuracy,0.5543981194496155,1e-5
ResNet-SE-5,1e-5,RW-Thigh,MLP,Full Finetune,HAR,RW-Thigh,50.0,accuracy,0.5144927501678467,1e-5
ResNet-SE-5,1e-1,RW-Thigh,MLP,Full Finetune,HAR,RW-Thigh,100.0,accuracy,0.6473429799079895,1e-1
ResNet-SE-5,1e-5,RW-Waist,MLP,Full Finetune,HAR,RW-Waist,50.0,accuracy,0.633873462677002,1e-5
ResNet-SE-5,1e-2,WISDM,MLP,Full Finetune,HAR,WISDM,25.0,accuracy,0.7434715628623962,1e-2
ResNet-SE-5,1e-5,KH,MLP,Full Finetune,HAR,KH,5.0,accuracy,0.3888888955116272,1e-5
ResNet-SE-5,1e-4,RW-Thigh,MLP,Full Finetune,HAR,RW-Thigh,5.0,accuracy,0.5583160519599915,1e-4
ResNet-SE-5,1e-4,MS,MLP,Full Finetune,HAR,MS,1000.0,accuracy,0.7655367255210876,1e-4
ResNet-SE-5,1e-1,WISDM,MLP,Full Finetune,HAR,WISDM,5.0,accuracy,0.77073734998703,1e-1
ResNet-SE-5,1e-1,UCI,MLP,Full Finetune,HAR,UCI,200.0,accuracy,0.800000011920929,1e-1
ResNet-SE-5,1e-1,KH,MLP,Full Finetune,HAR,KH,1000.0,accuracy,0.5486111044883728,1e-1
ResNet-SE-5,1e-1,KH,MLP,Full Finetune,HAR,KH,200.0,accuracy,0.6805555820465088,1e-1
ResNet-SE-5,1e-2,RW-Thigh,MLP,Full Finetune,HAR,RW-Thigh,200.0,accuracy,0.6984127163887024,1e-2
ResNet-SE-5,1e-1,KH,MLP,Full Finetune,HAR,KH,100.0,accuracy,0.4652777910232544,1e-1
ResNet-SE-5,1e-4,RW-Thigh,MLP,Full Finetune,HAR,RW-Thigh,1000.0,accuracy,0.7149758338928223,1e-4
ResNet-SE-5,1e-1,WISDM,MLP,Full Finetune,HAR,WISDM,50.0,accuracy,0.7346389889717102,1e-1
ResNet-SE-5,1e-2,KH,MLP,Full Finetune,HAR,KH,1.0,accuracy,0.1666666716337204,1e-2
ResNet-SE-5,1e-2,KH,MLP,Full Finetune,HAR,KH,10.0,accuracy,0.1666666716337204,1e-2
ResNet-SE-5,1e-1,UCI,MLP,Full Finetune,HAR,UCI,100.0,accuracy,0.8014492988586426,1e-1
ResNet-SE-5,1e-3,RW-Waist,MLP,Full Finetune,HAR,RW-Waist,50.0,accuracy,0.6905864477157593,1e-3
ResNet-SE-5,1e-5,MS,MLP,Full Finetune,HAR,MS,5.0,accuracy,0.2758945524692535,1e-5
ResNet-SE-5,1e-5,KH,MLP,Full Finetune,HAR,KH,200.0,accuracy,0.625,1e-5
ResNet-SE-5,1e-5,RW-Thigh,MLP,Full Finetune,HAR,RW-Thigh,1000.0,accuracy,0.7291235327720642,1e-5
ResNet-SE-5,1e-1,WISDM,MLP,Full Finetune,HAR,WISDM,200.0,accuracy,0.738095223903656,1e-1
ResNet-SE-5,1e-3,KH,MLP,Full Finetune,HAR,KH,1000.0,accuracy,0.5486111044883728,1e-3
ResNet-SE-5,1e-1,WISDM,MLP,Full Finetune,HAR,WISDM,1000.0,accuracy,0.7465437650680542,1e-1
ResNet-SE-5,1e-3,KH,MLP,Full Finetune,HAR,KH,25.0,accuracy,0.6111111044883728,1e-3
ResNet-SE-5,1e-2,RW-Thigh,MLP,Full Finetune,HAR,RW-Thigh,25.0,accuracy,0.6290545463562012,1e-2
ResNet-SE-5,1e-4,RW-Waist,MLP,Full Finetune,HAR,RW-Waist,50.0,accuracy,0.7345678806304932,1e-4
ResNet-SE-5,1e-2,WISDM,MLP,Full Finetune,HAR,WISDM,200.0,accuracy,0.7553763389587402,1e-2
ResNet-SE-5,1e-1,RW-Waist,MLP,Full Finetune,HAR,RW-Waist,5.0,accuracy,0.5258487462997437,1e-1
ResNet-SE-5,1e-2,RW-Thigh,MLP,Full Finetune,HAR,RW-Thigh,1.0,accuracy,0.1576949656009674,1e-2
ResNet-SE-5,1e-1,WISDM,MLP,Full Finetune,HAR,WISDM,25.0,accuracy,0.7058371901512146,1e-1
ResNet-SE-5,1e-4,UCI,MLP,Full Finetune,HAR,UCI,200.0,accuracy,0.9246376752853394,1e-4
ResNet-SE-5,1e-4,WISDM,MLP,Full Finetune,HAR,WISDM,100.0,accuracy,0.7515360713005066,1e-4
ResNet-SE-5,1e-4,MS,MLP,Full Finetune,HAR,MS,1000.0,accuracy,0.770244836807251,1e-4
ResNet-SE-5,1e-4,WISDM,MLP,Full Finetune,HAR,WISDM,100.0,accuracy,0.8045315146446228,1e-4
ResNet-SE-5,1e-3,MS,MLP,Full Finetune,HAR,MS,25.0,accuracy,0.8615819215774536,1e-3
ResNet-SE-5,1e-4,MS,MLP,Full Finetune,HAR,MS,5.0,accuracy,0.7429378628730774,1e-4
ResNet-SE-5,1e-2,WISDM,MLP,Full Finetune,HAR,WISDM,25.0,accuracy,0.6731950640678406,1e-2
ResNet-SE-5,1e-5,MS,MLP,Full Finetune,HAR,MS,50.0,accuracy,0.6205273270606995,1e-5
ResNet-SE-5,1e-5,RW-Thigh,MLP,Full Finetune,HAR,RW-Thigh,100.0,accuracy,0.703243613243103,1e-5
ResNet-SE-5,1e-5,MS,MLP,Full Finetune,HAR,MS,5.0,accuracy,0.465160071849823,1e-5
ResNet-SE-5,1e-5,WISDM,MLP,Full Finetune,HAR,WISDM,200.0,accuracy,0.7288786768913269,1e-5
ResNet-SE-5,1e-5,KH,MLP,Full Finetune,HAR,KH,5.0,accuracy,0.3333333432674408,1e-5
ResNet-SE-5,1e-3,UCI,MLP,Full Finetune,HAR,UCI,100.0,accuracy,0.9318840503692628,1e-3
ResNet-SE-5,1e-4,WISDM,MLP,Full Finetune,HAR,WISDM,1000.0,accuracy,0.8575268983840942,1e-4
ResNet-SE-5,1e-3,WISDM,MLP,Full Finetune,HAR,WISDM,1000.0,accuracy,0.8728878498077393,1e-3
ResNet-SE-5,1e-5,WISDM,MLP,Full Finetune,HAR,WISDM,25.0,accuracy,0.6943164467811584,1e-5
ResNet-SE-5,1e-1,KH,MLP,Full Finetune,HAR,KH,25.0,accuracy,0.5208333134651184,1e-1
ResNet-SE-5,1e-4,RW-Thigh,MLP,Full Finetune,HAR,RW-Thigh,200.0,accuracy,0.7167011499404907,1e-4
ResNet-SE-5,1e-4,UCI,MLP,Full Finetune,HAR,UCI,25.0,accuracy,0.8159420490264893,1e-4
ResNet-SE-5,1e-3,UCI,MLP,Full Finetune,HAR,UCI,100.0,accuracy,0.9275362491607666,1e-3
ResNet-SE-5,1e-1,RW-Waist,MLP,Full Finetune,HAR,RW-Waist,10.0,accuracy,0.5285493731498718,1e-1
ResNet-SE-5,1e-5,UCI,MLP,Full Finetune,HAR,UCI,5.0,accuracy,0.4942029118537903,1e-5
ResNet-SE-5,1e-2,RW-Waist,MLP,Full Finetune,HAR,RW-Waist,10.0,accuracy,0.5570987462997437,1e-2
ResNet-SE-5,1e-2,KH,MLP,Full Finetune,HAR,KH,1.0,accuracy,0.1666666716337204,1e-2
ResNet-SE-5,1e-1,RW-Waist,MLP,Full Finetune,HAR,RW-Waist,200.0,accuracy,0.7083333134651184,1e-1
ResNet-SE-5,1e-3,MS,MLP,Full Finetune,HAR,MS,10.0,accuracy,0.709039568901062,1e-3
ResNet-SE-5,1e-1,KH,MLP,Full Finetune,HAR,KH,5.0,accuracy,0.5,1e-1
ResNet-SE-5,1e-2,RW-Waist,MLP,Full Finetune,HAR,RW-Waist,200.0,accuracy,0.7253086566925049,1e-2
ResNet-SE-5,1e-1,KH,MLP,Full Finetune,HAR,KH,100.0,accuracy,0.5416666865348816,1e-1
ResNet-SE-5,1e-2,MS,MLP,Full Finetune,HAR,MS,50.0,accuracy,0.7485875487327576,1e-2
ResNet-SE-5,1e-5,UCI,MLP,Full Finetune,HAR,UCI,1000.0,accuracy,0.8695651888847351,1e-5
ResNet-SE-5,1e-4,UCI,MLP,Full Finetune,HAR,UCI,25.0,accuracy,0.7840579748153687,1e-4
ResNet-SE-5,1e-3,RW-Waist,MLP,Full Finetune,HAR,RW-Waist,5.0,accuracy,0.5451388955116272,1e-3
ResNet-SE-5,1e-2,RW-Thigh,MLP,Full Finetune,HAR,RW-Thigh,100.0,accuracy,0.5386473536491394,1e-2
ResNet-SE-5,1e-2,KH,MLP,Full Finetune,HAR,KH,10.0,accuracy,0.1666666716337204,1e-2
ResNet-SE-5,1e-5,KH,MLP,Full Finetune,HAR,KH,1000.0,accuracy,0.6388888955116272,1e-5
ResNet-SE-5,1e-1,RW-Thigh,MLP,Full Finetune,HAR,RW-Thigh,50.0,accuracy,0.5479640960693359,1e-1
ResNet-SE-5,1e-5,MS,MLP,Full Finetune,HAR,MS,5.0,accuracy,0.3389830589294433,1e-5
ResNet-SE-5,1e-5,RW-Thigh,MLP,Full Finetune,HAR,RW-Thigh,200.0,accuracy,0.7201518416404724,1e-5
ResNet-SE-5,1e-3,MS,MLP,Full Finetune,HAR,MS,1.0,accuracy,0.596045196056366,1e-3
ResNet-SE-5,1e-3,KH,MLP,Full Finetune,HAR,KH,5.0,accuracy,0.5555555820465088,1e-3
ResNet-SE-5,1e-4,KH,MLP,Full Finetune,HAR,KH,25.0,accuracy,0.5416666865348816,1e-4
ResNet-SE-5,1e-2,KH,MLP,Full Finetune,HAR,KH,100.0,accuracy,0.6666666865348816,1e-2
ResNet-SE-5,1e-3,KH,MLP,Full Finetune,HAR,KH,100.0,accuracy,0.5555555820465088,1e-3
ResNet-SE-5,1e-3,MS,MLP,Full Finetune,HAR,MS,25.0,accuracy,0.756120502948761,1e-3
ResNet-SE-5,1e-3,RW-Waist,MLP,Full Finetune,HAR,RW-Waist,1.0,accuracy,0.5632715821266174,1e-3
ResNet-SE-5,1e-5,RW-Thigh,MLP,Full Finetune,HAR,RW-Thigh,25.0,accuracy,0.4896480441093445,1e-5
ResNet-SE-5,1e-1,WISDM,MLP,Full Finetune,HAR,WISDM,1000.0,accuracy,0.7868663668632507,1e-1
ResNet-SE-5,1e-2,RW-Thigh,MLP,Full Finetune,HAR,RW-Thigh,1000.0,accuracy,0.6997929811477661,1e-2
ResNet-SE-5,1e-2,UCI,MLP,Full Finetune,HAR,UCI,50.0,accuracy,0.9028985500335692,1e-2
ResNet-SE-5,1e-2,KH,MLP,Full Finetune,HAR,KH,50.0,accuracy,0.5694444179534912,1e-2
ResNet-SE-5,1e-5,UCI,MLP,Full Finetune,HAR,UCI,10.0,accuracy,0.5594202876091003,1e-5
ResNet-SE-5,1e-5,RW-Waist,MLP,Full Finetune,HAR,RW-Waist,10.0,accuracy,0.4293981492519378,1e-5
ResNet-SE-5,1e-4,RW-Thigh,MLP,Full Finetune,HAR,RW-Thigh,200.0,accuracy,0.6942719221115112,1e-4
ResNet-SE-5,1e-2,MS,MLP,Full Finetune,HAR,MS,1000.0,accuracy,0.8813559412956238,1e-2
ResNet-SE-5,1e-3,WISDM,MLP,Full Finetune,HAR,WISDM,100.0,accuracy,0.8018433451652527,1e-3
ResNet-SE-5,1e-4,MS,MLP,Full Finetune,HAR,MS,25.0,accuracy,0.7250470519065857,1e-4
ResNet-SE-5,1e-5,WISDM,MLP,Full Finetune,HAR,WISDM,25.0,accuracy,0.7242703437805176,1e-5
ResNet-SE-5,1e-5,WISDM,MLP,Full Finetune,HAR,WISDM,1.0,accuracy,0.5514593124389648,1e-5
ResNet-SE-5,1e-1,RW-Waist,MLP,Full Finetune,HAR,RW-Waist,100.0,accuracy,0.7067901492118835,1e-1
ResNet-SE-5,1e-4,RW-Thigh,MLP,Full Finetune,HAR,RW-Thigh,10.0,accuracy,0.6645962595939636,1e-4
ResNet-SE-5,1e-3,MS,MLP,Full Finetune,HAR,MS,100.0,accuracy,0.8013182878494263,1e-3
ResNet-SE-5,1e-2,RW-Waist,MLP,Full Finetune,HAR,RW-Waist,100.0,accuracy,0.6940586566925049,1e-2
ResNet-SE-5,1e-4,UCI,MLP,Full Finetune,HAR,UCI,100.0,accuracy,0.9188405871391296,1e-4
ResNet-SE-5,1e-2,RW-Thigh,MLP,Full Finetune,HAR,RW-Thigh,10.0,accuracy,0.5772947072982788,1e-2
ResNet-SE-5,1e-5,KH,MLP,Full Finetune,HAR,KH,100.0,accuracy,0.6597222089767456,1e-5
ResNet-SE-5,1e-4,WISDM,MLP,Full Finetune,HAR,WISDM,10.0,accuracy,0.6766512989997864,1e-4
ResNet-SE-5,1e-3,RW-Thigh,MLP,Full Finetune,HAR,RW-Thigh,50.0,accuracy,0.6856452822685242,1e-3
ResNet-SE-5,1e-1,UCI,MLP,Full Finetune,HAR,UCI,10.0,accuracy,0.6811594367027283,1e-1
ResNet-SE-5,1e-1,KH,MLP,Full Finetune,HAR,KH,5.0,accuracy,0.5069444179534912,1e-1
ResNet-SE-5,1e-3,UCI,MLP,Full Finetune,HAR,UCI,10.0,accuracy,0.7898550629615784,1e-3
ResNet-SE-5,1e-2,RW-Thigh,MLP,Full Finetune,HAR,RW-Thigh,200.0,accuracy,0.7101449370384216,1e-2
ResNet-SE-5,1e-4,WISDM,MLP,Full Finetune,HAR,WISDM,1000.0,accuracy,0.8260368704795837,1e-4
ResNet-SE-5,1e-5,MS,MLP,Full Finetune,HAR,MS,25.0,accuracy,0.5216572284698486,1e-5
ResNet-SE-5,1e-2,WISDM,MLP,Full Finetune,HAR,WISDM,100.0,accuracy,0.7016128897666931,1e-2
ResNet-SE-5,1e-2,WISDM,MLP,Full Finetune,HAR,WISDM,5.0,accuracy,0.25,1e-2
ResNet-SE-5,1e-2,WISDM,MLP,Full Finetune,HAR,WISDM,25.0,accuracy,0.753072202205658,1e-2
ResNet-SE-5,1e-3,RW-Thigh,MLP,Full Finetune,HAR,RW-Thigh,100.0,accuracy,0.694616973400116,1e-3
ResNet-SE-5,1e-3,WISDM,MLP,Full Finetune,HAR,WISDM,1000.0,accuracy,0.8456221222877502,1e-3
