Backbone,Mean,Std,Mean ± Std,Wins,Losses,Net Score,Dataset,Technique,Performance,Data Percentage,Dataset Name,ft_strategy
CNN-PFF,89.704958597819,1.5652804804178782,89.7% ± 1.6%,0,0,0,MS + 1000.0,TFC,89.7% ± 1.6%,1000,MS,Freeze
TS-TCC Encoder,87.0684246222178,0.6940803326508549,87.1% ± 0.7%,0,0,0,MS + 1000.0,LFR,87.1% ± 0.7%,1000,MS,Freeze
TS-TCC Encoder,86.44067843755087,2.491289310226004,86.4% ± 2.5%,0,0,0,MS + 1000.0,Diet,86.4% ± 2.5%,1000,MS,Freeze
CNN-PFF,80.88512221972147,5.273070931434912,80.9% ± 5.3%,0,0,0,MS + 1000.0,TNC,80.9% ± 5.3%,1000,MS,Freeze
CNN-PFF,89.661834637324,1.6797412815084785,89.7% ± 1.7%,0,0,0,UCI + 1000.0,TFC,89.7% ± 1.7%,1000,UCI,Freeze
TS2Vec Encoder,84.68599120775858,1.5360495644015526,84.7% ± 1.5%,0,0,0,UCI + 1000.0,LFR,84.7% ± 1.5%,1000,UCI,Freeze
TS2Vec Encoder,85.3140115737915,1.3774461808981455,85.3% ± 1.4%,0,0,0,UCI + 1000.0,Diet,85.3% ± 1.4%,1000,UCI,Freeze
CNN-PFF,82.1739137172699,0.9503550915584008,82.2% ± 1.0%,0,0,0,UCI + 1000.0,TNC,82.2% ± 1.0%,1000,UCI,Freeze
CNN-PFF,88.84057998657227,0.9503550915584008,88.8% ± 1.0%,0,0,0,UCI + 200.0,TFC,88.8% ± 1.0%,200,UCI,Freeze
CNN-PFF,82.12560415267944,1.6289593439477672,82.1% ± 1.6%,0,0,0,UCI + 200.0,LFR,82.1% ± 1.6%,200,UCI,Freeze
TS2Vec Encoder,84.29951667785645,0.301693134170884,84.3% ± 0.3%,0,0,0,UCI + 200.0,Diet,84.3% ± 0.3%,200,UCI,Freeze
CNN-PFF,80.48309087753296,0.7981995941199006,80.5% ± 0.8%,0,0,0,UCI + 200.0,TNC,80.5% ± 0.8%,200,UCI,Freeze
CNN-PFF,88.82611592610678,1.8363584487283025,88.8% ± 1.8%,0,0,0,MS + 200.0,TFC,88.8% ± 1.8%,200,MS,Freeze
TS-TCC Encoder,86.31512920061746,1.2253101428008502,86.3% ± 1.2%,0,0,0,MS + 200.0,LFR,86.3% ± 1.2%,200,MS,Freeze
TS2Vec Encoder,82.26616382598877,3.827582177995813,82.3% ± 3.8%,0,0,0,MS + 200.0,Diet,82.3% ± 3.8%,200,MS,Freeze
CNN-PFF,82.89391001065573,1.0372061978666116,82.9% ± 1.0%,0,0,0,MS + 200.0,TNC,82.9% ± 1.0%,200,MS,Freeze
CNN-PFF,88.66917888323465,0.7611015544669655,88.7% ± 0.8%,0,0,0,MS + 100.0,TFC,88.7% ± 0.8%,100,MS,Freeze
TS-TCC Encoder,81.38731916745505,5.01569151872256,81.4% ± 5.0%,0,0,0,MS + 100.0,LFR,81.4% ± 5.0%,100,MS,Freeze
CNN-PFF,79.53546841939291,4.295823454794668,79.5% ± 4.3%,0,0,0,MS + 100.0,Diet,79.5% ± 4.3%,100,MS,Freeze
CNN-PFF,77.36974159876505,4.244955163890115,77.4% ± 4.2%,0,0,0,MS + 100.0,TNC,77.4% ± 4.2%,100,MS,Freeze
CNN-PFF,87.72946993509927,0.5857189012596073,87.7% ± 0.6%,0,0,0,UCI + 100.0,TFC,87.7% ± 0.6%,100,UCI,Freeze
CNN-PFF,80.96618254979452,1.4298202550149766,81.0% ± 1.4%,0,0,0,UCI + 100.0,LFR,81.0% ± 1.4%,100,UCI,Freeze
TS2Vec Encoder,81.49758577346802,2.101864602339337,81.5% ± 2.1%,0,0,0,UCI + 100.0,Diet,81.5% ± 2.1%,100,UCI,Freeze
CNN-PFF,78.01932295163473,0.8735796192014166,78.0% ± 0.9%,0,0,0,UCI + 100.0,TNC,78.0% ± 0.9%,100,UCI,Freeze
CNN-PFF,87.19917933146158,1.3660335620168955,87.2% ± 1.4%,0,0,0,WISDM + 1000.0,TFC,87.2% ± 1.4%,1000,WISDM,Freeze
TS2Vec Encoder,84.71582134564719,1.1255252538865124,84.7% ± 1.1%,0,0,0,WISDM + 1000.0,LFR,84.7% ± 1.1%,1000,WISDM,Freeze
TS-TCC Encoder,85.2150559425354,0.2688169479370117,85.2% ± 0.3%,0,0,0,WISDM + 1000.0,Diet,85.2% ± 0.3%,1000,WISDM,Freeze
TS-TCC Encoder,79.55709298451742,0.825726903330021,79.6% ± 0.8%,0,0,0,WISDM + 1000.0,TNC,79.6% ± 0.8%,1000,WISDM,Freeze
CNN-PFF,86.94287339846292,1.087288286100675,86.9% ± 1.1%,0,0,0,MS + 50.0,TFC,86.9% ± 1.1%,50,MS,Freeze
TS-TCC Encoder,75.54927865664163,6.655815895346794,75.5% ± 6.7%,0,0,0,MS + 50.0,LFR,75.5% ± 6.7%,50,MS,Freeze
CNN-PFF,77.05586949984232,5.394696795376968,77.1% ± 5.4%,0,0,0,MS + 50.0,Diet,77.1% ± 5.4%,50,MS,Freeze
TS-TCC Encoder,72.75580565134683,1.7088078934015178,72.8% ± 1.7%,0,0,0,MS + 50.0,TNC,72.8% ± 1.7%,50,MS,Freeze
CNN-PFF,86.2209657828013,1.3720965673644008,86.2% ± 1.4%,0,0,0,MS + 25.0,TFC,86.2% ± 1.4%,25,MS,Freeze
TS2Vec Encoder,73.5404888788859,9.459880162483856,73.5% ± 9.5%,0,0,0,MS + 25.0,LFR,73.5% ± 9.5%,25,MS,Freeze
CNN-PFF,73.63465229670206,4.616817524241011,73.6% ± 4.6%,0,0,0,MS + 25.0,Diet,73.6% ± 4.6%,25,MS,Freeze
CNN-PFF,65.97614487012228,2.4740301730892877,66.0% ± 2.5%,0,0,0,MS + 25.0,TNC,66.0% ± 2.5%,25,MS,Freeze
CNN-PFF,85.80389221509299,1.3890511895313091,85.8% ± 1.4%,0,0,0,WISDM + 200.0,TFC,85.8% ± 1.4%,200,WISDM,Freeze
RNN,79.07066146532694,0.9984642267242,79.1% ± 1.0%,0,0,0,WISDM + 200.0,LFR,79.1% ± 1.0%,200,WISDM,Freeze
TS-TCC Encoder,78.18740407625833,1.1717470824466034,78.2% ± 1.2%,0,0,0,WISDM + 200.0,Diet,78.2% ± 1.2%,200,WISDM,Freeze
ResNet-SE-5,75.93445777893066,1.6267112691028147,75.9% ± 1.6%,0,0,0,WISDM + 200.0,TNC,75.9% ± 1.6%,200,WISDM,Freeze
CNN-PFF,85.74879368146262,1.95696969103572,85.7% ± 2.0%,0,0,0,UCI + 50.0,TFC,85.7% ± 2.0%,50,UCI,Freeze
TS2Vec Encoder,80.53140044212341,0.2213822365261142,80.5% ± 0.2%,0,0,0,UCI + 50.0,LFR,80.5% ± 0.2%,50,UCI,Freeze
TS2Vec Encoder,79.27536169687906,2.2311299092095576,79.3% ± 2.2%,0,0,0,UCI + 50.0,Diet,79.3% ± 2.2%,50,UCI,Freeze
TS2Vec Encoder,76.23188495635986,0.6641408565193738,76.2% ± 0.7%,0,0,0,UCI + 50.0,TNC,76.2% ± 0.7%,50,UCI,Freeze
CNN-PFF,84.65181787808737,2.2439463114243883,84.7% ± 2.2%,0,0,0,WISDM + 100.0,TFC,84.7% ± 2.2%,100,WISDM,Freeze
TS2Vec Encoder,76.84331933657327,1.8624218883257788,76.8% ± 1.9%,0,0,0,WISDM + 100.0,LFR,76.8% ± 1.9%,100,WISDM,Freeze
ResNet-SE-5,74.96159871419272,2.419355511665956,75.0% ± 2.4%,0,0,0,WISDM + 100.0,Diet,75.0% ± 2.4%,100,WISDM,Freeze
ResNet-SE-5,73.29749266306558,1.1529271801491447,73.3% ± 1.2%,0,0,0,WISDM + 100.0,TNC,73.3% ± 1.2%,100,WISDM,Freeze
TS2Vec Encoder,84.05797084172568,1.708671713513079,84.1% ± 1.7%,0,0,0,UCI + 25.0,TFC,84.1% ± 1.7%,25,UCI,Freeze
TS2Vec Encoder,77.34299500783285,2.1018675477328346,77.3% ± 2.1%,0,0,0,UCI + 25.0,LFR,77.3% ± 2.1%,25,UCI,Freeze
TS2Vec Encoder,76.18357539176941,2.642030394146893,76.2% ± 2.6%,0,0,0,UCI + 25.0,Diet,76.2% ± 2.6%,25,UCI,Freeze
TS2Vec Encoder,74.49275453885397,1.427369689887974,74.5% ± 1.4%,0,0,0,UCI + 25.0,TNC,74.5% ± 1.4%,25,UCI,Freeze
CNN-PFF,84.0245763460795,2.31404776510402,84.0% ± 2.3%,0,0,0,WISDM + 50.0,TFC,84.0% ± 2.3%,50,WISDM,Freeze
TS2Vec Encoder,75.62724153200784,0.9122760903366148,75.6% ± 0.9%,0,0,0,WISDM + 50.0,LFR,75.6% ± 0.9%,50,WISDM,Freeze
IMU Transformer,74.14234479268393,1.2278769216438494,74.1% ± 1.2%,0,0,0,WISDM + 50.0,Diet,74.1% ± 1.2%,50,WISDM,Freeze
CNN-PFF,72.36303091049194,0.7625873734204298,72.4% ± 0.8%,0,0,0,WISDM + 50.0,TNC,72.4% ± 0.8%,50,WISDM,Freeze
CNN-PFF,77.48335798581442,0.8460170761850941,77.5% ± 0.8%,0,0,0,WISDM + 25.0,TFC,77.5% ± 0.8%,25,WISDM,Freeze
TS2Vec Encoder,67.7419344584147,1.2360562171421343,67.7% ± 1.2%,0,0,0,WISDM + 25.0,LFR,67.7% ± 1.2%,25,WISDM,Freeze
IMU Transformer,70.82693179448447,0.8494960436632069,70.8% ± 0.8%,0,0,0,WISDM + 25.0,Diet,70.8% ± 0.8%,25,WISDM,Freeze
TS-TCC Encoder,72.83666332562765,2.236043508730817,72.8% ± 2.2%,0,0,0,WISDM + 25.0,TNC,72.8% ± 2.2%,25,WISDM,Freeze
CNN-PFF,76.91511313120523,1.3350962295327955,76.9% ± 1.3%,0,0,0,RW-Thigh + 200.0,TFC,76.9% ± 1.3%,200,RW-Thigh,Freeze
TS-TCC Encoder,68.5185194015503,1.026147699475728,68.5% ± 1.0%,0,0,0,RW-Thigh + 200.0,LFR,68.5% ± 1.0%,200,RW-Thigh,Freeze
ResNet-SE-5,64.21670118967691,4.326550623257795,64.2% ± 4.3%,0,0,0,RW-Thigh + 200.0,Diet,64.2% ± 4.3%,200,RW-Thigh,Freeze
CNN-PFF,68.73705983161926,4.379478928472019,68.7% ± 4.4%,0,0,0,RW-Thigh + 200.0,TNC,68.7% ± 4.4%,200,RW-Thigh,Freeze
CNN-PFF,76.82613134384155,1.166586711134867,76.8% ± 1.2%,0,0,0,RW-Waist + 1000.0,TFC,76.8% ± 1.2%,1000,RW-Waist,Freeze
CNN-PFF,71.61779999732971,1.53660539017855,71.6% ± 1.5%,0,0,0,RW-Waist + 1000.0,LFR,71.6% ± 1.5%,1000,RW-Waist,Freeze
ResNet-SE-5,71.86213930447897,1.2323568832274705,71.9% ± 1.2%,0,0,0,RW-Waist + 1000.0,Diet,71.9% ± 1.2%,1000,RW-Waist,Freeze
CNN-PFF,74.45987462997437,0.6351103470587994,74.5% ± 0.6%,0,0,0,RW-Waist + 1000.0,TNC,74.5% ± 0.6%,1000,RW-Waist,Freeze
TS2Vec Encoder,76.76182985305786,2.98500716175534,76.8% ± 3.0%,0,0,0,RW-Waist + 100.0,TFC,76.8% ± 3.0%,100,RW-Waist,Freeze
CNN-PFF,70.67901293436685,1.0607806160100155,70.7% ± 1.1%,0,0,0,RW-Waist + 100.0,LFR,70.7% ± 1.1%,100,RW-Waist,Freeze
ResNet-SE-5,69.65020696322122,1.2263015184174877,69.7% ± 1.2%,0,0,0,RW-Waist + 100.0,Diet,69.7% ± 1.2%,100,RW-Waist,Freeze
CNN-PFF,70.2674905459086,1.8648013733206463,70.3% ± 1.9%,0,0,0,RW-Waist + 100.0,TNC,70.3% ± 1.9%,100,RW-Waist,Freeze
CNN-PFF,76.42051974932352,0.9222573821122816,76.4% ± 0.9%,0,0,0,RW-Thigh + 100.0,TFC,76.4% ± 0.9%,100,RW-Thigh,Freeze
CNN-PFF,68.97860566775003,1.6563147306451198,69.0% ± 1.7%,0,0,0,RW-Thigh + 100.0,LFR,69.0% ± 1.7%,100,RW-Thigh,Freeze
ResNet-SE-5,60.50149401028951,4.822325231820488,60.5% ± 4.8%,0,0,0,RW-Thigh + 100.0,Diet,60.5% ± 4.8%,100,RW-Thigh,Freeze
CNN-PFF,66.52864217758179,1.1732220649719238,66.5% ± 1.2%,0,0,0,RW-Thigh + 100.0,TNC,66.5% ± 1.2%,100,RW-Thigh,Freeze
CNN-PFF,76.40174825986227,1.2443770298718957,76.4% ± 1.2%,0,0,0,RW-Waist + 200.0,TFC,76.4% ± 1.2%,200,RW-Waist,Freeze
CNN-PFF,72.01646169026694,4.390752847763814,72.0% ± 4.4%,0,0,0,RW-Waist + 200.0,LFR,72.0% ± 4.4%,200,RW-Waist,Freeze
ResNet-SE-5,71.2834378083547,2.395187269883396,71.3% ± 2.4%,0,0,0,RW-Waist + 200.0,Diet,71.3% ± 2.4%,200,RW-Waist,Freeze
CNN-PFF,72.0679004987081,1.8530559801005757,72.1% ± 1.9%,0,0,0,RW-Waist + 200.0,TNC,72.1% ± 1.9%,200,RW-Waist,Freeze
TS2Vec Encoder,75.99022587140402,1.956719963389142,76.0% ± 2.0%,0,0,0,RW-Waist + 50.0,TFC,76.0% ± 2.0%,50,RW-Waist,Freeze
CNN-PFF,69.90740895271301,1.554262997006309,69.9% ± 1.6%,0,0,0,RW-Waist + 50.0,LFR,69.9% ± 1.6%,50,RW-Waist,Freeze
ResNet-SE-5,68.10699502627054,3.3403318181490693,68.1% ± 3.3%,0,0,0,RW-Waist + 50.0,Diet,68.1% ± 3.3%,50,RW-Waist,Freeze
CNN-PFF,67.47685074806213,1.8602718399476088,67.5% ± 1.9%,0,0,0,RW-Waist + 50.0,TNC,67.5% ± 1.9%,50,RW-Waist,Freeze
TS2Vec Encoder,75.74879129727682,3.7015672973613967,75.7% ± 3.7%,0,0,0,UCI + 10.0,TFC,75.7% ± 3.7%,10,UCI,Freeze
TS2Vec Encoder,67.53623088200888,1.0144940444406096,67.5% ± 1.0%,0,0,0,UCI + 10.0,LFR,67.5% ± 1.0%,10,UCI,Freeze
TS2Vec Encoder,71.30434711774191,2.612720172337228,71.3% ± 2.6%,0,0,0,UCI + 10.0,Diet,71.3% ± 2.6%,10,UCI,Freeze
TS2Vec Encoder,70.09661793708801,1.8691337200040847,70.1% ± 1.9%,0,0,0,UCI + 10.0,TNC,70.1% ± 1.9%,10,UCI,Freeze
CNN-PFF,75.68438053131104,0.581854481697025,75.7% ± 0.6%,0,0,0,RW-Thigh + 1000.0,TFC,75.7% ± 0.6%,1000,RW-Thigh,Freeze
TS-TCC Encoder,68.88658801714578,1.0014833343774066,68.9% ± 1.0%,0,0,0,RW-Thigh + 1000.0,LFR,68.9% ± 1.0%,1000,RW-Thigh,Freeze
ResNet-SE-5,69.07062331835428,4.813674214698048,69.1% ± 4.8%,0,0,0,RW-Thigh + 1000.0,Diet,69.1% ± 4.8%,1000,RW-Thigh,Freeze
CNN-PFF,72.7858304977417,1.7663624650531566,72.8% ± 1.8%,0,0,0,RW-Thigh + 1000.0,TNC,72.8% ± 1.8%,1000,RW-Thigh,Freeze
CNN-PFF,75.2314805984497,3.1314233905037456,75.2% ± 3.1%,0,0,0,KH + 200.0,TFC,75.2% ± 3.1%,200,KH,Freeze
TS-TCC Encoder,75.23148258527121,4.009375339916503,75.2% ± 4.0%,0,0,0,KH + 200.0,LFR,75.2% ± 4.0%,200,KH,Freeze
TS2Vec Encoder,70.37037014961243,1.4456016006164645,70.4% ± 1.4%,0,0,0,KH + 200.0,Diet,70.4% ± 1.4%,200,KH,Freeze
TS-TCC Encoder,68.5185194015503,7.093310689145508,68.5% ± 7.1%,0,0,0,KH + 200.0,TNC,68.5% ± 7.1%,200,KH,Freeze
CNN-PFF,74.67043201128641,5.997608463596625,74.7% ± 6.0%,0,0,0,MS + 10.0,TFC,74.7% ± 6.0%,10,MS,Freeze
TS-TCC Encoder,54.143126805623375,2.120212885858548,54.1% ± 2.1%,0,0,0,MS + 10.0,LFR,54.1% ± 2.1%,10,MS,Freeze
CNN-PFF,63.15128604571024,2.23092996433862,63.2% ± 2.2%,0,0,0,MS + 10.0,Diet,63.2% ± 2.2%,10,MS,Freeze
TS-TCC Encoder,62.55492766698202,1.7899038808394026,62.6% ± 1.8%,0,0,0,MS + 10.0,TNC,62.6% ± 1.8%,10,MS,Freeze
CNN-PFF,74.53703681627908,2.8912041556692114,74.5% ± 2.9%,0,0,0,KH + 50.0,TFC,74.5% ± 2.9%,50,KH,Freeze
TS-TCC Encoder,71.29629651705423,2.438808487645478,71.3% ± 2.4%,0,0,0,KH + 50.0,LFR,71.3% ± 2.4%,50,KH,Freeze
TS2Vec Encoder,69.6759263674418,2.8912041556692114,69.7% ± 2.9%,0,0,0,KH + 50.0,Diet,69.7% ± 2.9%,50,KH,Freeze
TS-TCC Encoder,66.89814925193787,1.7476461143938606,66.9% ± 1.7%,0,0,0,KH + 50.0,TNC,66.9% ± 1.7%,50,KH,Freeze
CNN-PFF,73.84259303410849,4.009375339916503,73.8% ± 4.0%,0,0,0,KH + 1000.0,TFC,73.8% ± 4.0%,1000,KH,Freeze
TS-TCC Encoder,74.7685194015503,1.4456016006164645,74.8% ± 1.4%,0,0,0,KH + 1000.0,LFR,74.8% ± 1.4%,1000,KH,Freeze
TS2Vec Encoder,69.6759263674418,1.6037515124769093,69.7% ± 1.6%,0,0,0,KH + 1000.0,Diet,69.7% ± 1.6%,1000,KH,Freeze
TS-TCC Encoder,67.8240736325582,1.4455992145203242,67.8% ± 1.4%,0,0,0,KH + 1000.0,TNC,67.8% ± 1.4%,1000,KH,Freeze
CNN-PFF,73.61111044883728,3.4722208976745605,73.6% ± 3.5%,0,0,0,KH + 100.0,TFC,73.6% ± 3.5%,100,KH,Freeze
TS-TCC Encoder,72.91666666666666,2.08333432674479,72.9% ± 2.1%,0,0,0,KH + 100.0,LFR,72.9% ± 2.1%,100,KH,Freeze
TS2Vec Encoder,68.05555621782938,0.6944447755834915,68.1% ± 0.7%,0,0,0,KH + 100.0,Diet,68.1% ± 0.7%,100,KH,Freeze
TS-TCC Encoder,67.12962985038757,2.8065649010296965,67.1% ± 2.8%,0,0,0,KH + 100.0,TNC,67.1% ± 2.8%,100,KH,Freeze
CNN-PFF,73.37962985038757,2.1215605816791427,73.4% ± 2.1%,0,0,0,KH + 25.0,TFC,73.4% ± 2.1%,25,KH,Freeze
TS-TCC Encoder,69.21296318372092,1.4455992145203242,69.2% ± 1.4%,0,0,0,KH + 25.0,LFR,69.2% ± 1.4%,25,KH,Freeze
CNN-PFF,65.97222089767456,2.7777791023254395,66.0% ± 2.8%,0,0,0,KH + 25.0,Diet,66.0% ± 2.8%,25,KH,Freeze
TS-TCC Encoder,66.66666666666666,2.503854593201314,66.7% ± 2.5%,0,0,0,KH + 25.0,TNC,66.7% ± 2.5%,25,KH,Freeze
CNN-PFF,70.91049353281656,1.7818058402680963,70.9% ± 1.8%,0,0,0,RW-Waist + 25.0,TFC,70.9% ± 1.8%,25,RW-Waist,Freeze
CNN-PFF,67.05246965090433,0.9668196025052048,67.1% ± 1.0%,0,0,0,RW-Waist + 25.0,LFR,67.1% ± 1.0%,25,RW-Waist,Freeze
ResNet-SE-5,59.32355920473734,4.532209567235308,59.3% ± 4.5%,0,0,0,RW-Waist + 25.0,Diet,59.3% ± 4.5%,25,RW-Waist,Freeze
CNN-PFF,63.9146089553833,3.5446255078435414,63.9% ± 3.5%,0,0,0,RW-Waist + 25.0,TNC,63.9% ± 3.5%,25,RW-Waist,Freeze
CNN-PFF,70.55440545082092,3.0873885830479515,70.6% ± 3.1%,0,0,0,RW-Thigh + 25.0,TFC,70.6% ± 3.1%,25,RW-Thigh,Freeze
CNN-PFF,63.17000190416972,3.633906042663271,63.2% ± 3.6%,0,0,0,RW-Thigh + 25.0,LFR,63.2% ± 3.6%,25,RW-Thigh,Freeze
ResNet-SE-5,56.613756219546,6.103304718036186,56.6% ± 6.1%,0,0,0,RW-Thigh + 25.0,Diet,56.6% ± 6.1%,25,RW-Thigh,Freeze
TS2Vec Encoder,56.107660134633385,5.615033300388193,56.1% ± 5.6%,0,0,0,RW-Thigh + 25.0,TNC,56.1% ± 5.6%,25,RW-Thigh,Freeze
RNN,68.38197708129883,5.5814934175580975,68.4% ± 5.6%,0,0,0,WISDM + 10.0,TFC,68.4% ± 5.6%,10,WISDM,Freeze
TS-TCC Encoder,60.02303957939148,1.4952323224570887,60.0% ± 1.5%,0,0,0,WISDM + 10.0,LFR,60.0% ± 1.5%,10,WISDM,Freeze
IMU Transformer,64.17050758997598,5.508043082875922,64.2% ± 5.5%,0,0,0,WISDM + 10.0,Diet,64.2% ± 5.5%,10,WISDM,Freeze
TS-TCC Encoder,68.2283659776052,3.999452406540599,68.2% ± 4.0%,0,0,0,WISDM + 10.0,TNC,68.2% ± 4.0%,10,WISDM,Freeze
ResNet-SE-5,68.20796132087708,3.358737380577109,68.2% ± 3.4%,0,0,0,RW-Thigh + 50.0,TFC,68.2% ± 3.4%,50,RW-Thigh,Freeze
CNN-PFF,67.48331983884177,3.879698806847464,67.5% ± 3.9%,0,0,0,RW-Thigh + 50.0,LFR,67.5% ± 3.9%,50,RW-Thigh,Freeze
ResNet-SE-5,60.443983475367226,7.521664473867521,60.4% ± 7.5%,0,0,0,RW-Thigh + 50.0,Diet,60.4% ± 7.5%,50,RW-Thigh,Freeze
CNN-PFF,59.73084966341654,3.129842277449111,59.7% ± 3.1%,0,0,0,RW-Thigh + 50.0,TNC,59.7% ± 3.1%,50,RW-Thigh,Freeze
CNN-PFF,67.63967275619507,2.024666162431099,67.6% ± 2.0%,0,0,0,MS + 5.0,TFC,67.6% ± 2.0%,5,MS,Freeze
TS-TCC Encoder,51.19271775086721,2.966226029603631,51.2% ± 3.0%,0,0,0,MS + 5.0,LFR,51.2% ± 3.0%,5,MS,Freeze
CNN-PFF,50.84745685259501,7.0130121063360304,50.8% ± 7.0%,0,0,0,MS + 5.0,Diet,50.8% ± 7.0%,5,MS,Freeze
TS-TCC Encoder,61.644697189331055,2.718222435889573,61.6% ± 2.7%,0,0,0,MS + 5.0,TNC,61.6% ± 2.7%,5,MS,Freeze
TS2Vec Encoder,63.67127497990926,8.272054426359363,63.7% ± 8.3%,0,0,0,WISDM + 5.0,TFC,63.7% ± 8.3%,5,WISDM,Freeze
IMU Transformer,58.11571975549062,8.213487468582462,58.1% ± 8.2%,0,0,0,WISDM + 5.0,LFR,58.1% ± 8.2%,5,WISDM,Freeze
IMU Transformer,54.80030675729116,9.657510899410674,54.8% ± 9.7%,0,0,0,WISDM + 5.0,Diet,54.8% ± 9.7%,5,WISDM,Freeze
TS-TCC Encoder,68.7019964059194,5.590955003520344,68.7% ± 5.6%,0,0,0,WISDM + 5.0,TNC,68.7% ± 5.6%,5,WISDM,Freeze
CNN-PFF,63.18840583165487,6.885202958584345,63.2% ± 6.9%,0,0,0,UCI + 5.0,TFC,63.2% ± 6.9%,5,UCI,Freeze
CNN-PFF,60.28985579808553,13.994328622037822,60.3% ± 14.0%,0,0,0,UCI + 5.0,LFR,60.3% ± 14.0%,5,UCI,Freeze
TS2Vec Encoder,60.86956659952799,2.539334935620223,60.9% ± 2.5%,0,0,0,UCI + 5.0,Diet,60.9% ± 2.5%,5,UCI,Freeze
TS2Vec Encoder,68.21256081263223,2.630077214419209,68.2% ± 2.6%,0,0,0,UCI + 5.0,TNC,68.2% ± 2.6%,5,UCI,Freeze
TS2Vec Encoder,61.111112435658775,7.216878364870323,61.1% ± 7.2%,0,0,0,KH + 10.0,TFC,61.1% ± 7.2%,10,KH,Freeze
TS-TCC Encoder,57.638887564341225,1.8373270490348912,57.6% ± 1.8%,0,0,0,KH + 10.0,LFR,57.6% ± 1.8%,10,KH,Freeze
TS2Vec Encoder,63.42592636744181,8.342973821330254,63.4% ± 8.3%,0,0,0,KH + 10.0,Diet,63.4% ± 8.3%,10,KH,Freeze
TS-TCC Encoder,62.2685174147288,5.212190959625672,62.3% ± 5.2%,0,0,0,KH + 10.0,TNC,62.3% ± 5.2%,10,KH,Freeze
CNN-PFF,60.616517066955566,11.489714393385157,60.6% ± 11.5%,0,0,0,RW-Thigh + 10.0,TFC,60.6% ± 11.5%,10,RW-Thigh,Freeze
TS-TCC Encoder,48.81527622540792,6.000703702208863,48.8% ± 6.0%,0,0,0,RW-Thigh + 10.0,LFR,48.8% ± 6.0%,10,RW-Thigh,Freeze
ResNet-SE-5,43.70830456415813,2.8089118978041747,43.7% ± 2.8%,0,0,0,RW-Thigh + 10.0,Diet,43.7% ± 2.8%,10,RW-Thigh,Freeze
TS2Vec Encoder,50.230042139689125,2.473022625424424,50.2% ± 2.5%,0,0,0,RW-Thigh + 10.0,TNC,50.2% ± 2.5%,10,RW-Thigh,Freeze
TS2Vec Encoder,60.41666666666666,2.503854593201313,60.4% ± 2.5%,0,0,0,KH + 5.0,TFC,60.4% ± 2.5%,5,KH,Freeze
IMU Transformer,58.33333134651184,9.845448871010705,58.3% ± 9.8%,0,0,0,KH + 5.0,LFR,58.3% ± 9.8%,5,KH,Freeze
TS2Vec Encoder,60.87962985038757,6.452482785012442,60.9% ± 6.5%,0,0,0,KH + 5.0,Diet,60.9% ± 6.5%,5,KH,Freeze
TS-TCC Encoder,56.25,4.336803370189378,56.2% ± 4.3%,0,0,0,KH + 5.0,TNC,56.2% ± 4.3%,5,KH,Freeze
TS2Vec Encoder,58.551955223083496,1.0846031313781268,58.6% ± 1.1%,0,0,0,RW-Waist + 10.0,TFC,58.6% ± 1.1%,10,RW-Waist,Freeze
TS-TCC Encoder,51.556068658828735,2.4650130514437945,51.6% ± 2.5%,0,0,0,RW-Waist + 10.0,LFR,51.6% ± 2.5%,10,RW-Waist,Freeze
ResNet-SE-5,51.10596716403961,5.528877593155899,51.1% ± 5.5%,0,0,0,RW-Waist + 10.0,Diet,51.1% ± 5.5%,10,RW-Waist,Freeze
CNN-PFF,50.33436119556427,6.369870288450922,50.3% ± 6.4%,0,0,0,RW-Waist + 10.0,TNC,50.3% ± 6.4%,10,RW-Waist,Freeze
CNN-PFF,56.25000099341074,6.487105167578869,56.3% ± 6.5%,0,0,0,RW-Waist + 5.0,TFC,56.3% ± 6.5%,5,RW-Waist,Freeze
TS-TCC Encoder,47.89094726244609,2.094142851308092,47.9% ± 2.1%,0,0,0,RW-Waist + 5.0,LFR,47.9% ± 2.1%,5,RW-Waist,Freeze
ResNet-SE-5,43.54423880577088,7.061064919809714,43.5% ± 7.1%,0,0,0,RW-Waist + 5.0,Diet,43.5% ± 7.1%,5,RW-Waist,Freeze
TS2Vec Encoder,50.4758228858312,4.491298911147471,50.5% ± 4.5%,0,0,0,RW-Waist + 5.0,TNC,50.5% ± 4.5%,5,RW-Waist,Freeze
CNN-PFF,52.01288362344106,7.311592294012302,52.0% ± 7.3%,0,0,0,RW-Thigh + 5.0,TFC,52.0% ± 7.3%,5,RW-Thigh,Freeze
TS-TCC Encoder,41.46537780761719,1.6593078014985825,41.5% ± 1.7%,0,0,0,RW-Thigh + 5.0,LFR,41.5% ± 1.7%,5,RW-Thigh,Freeze
TS-TCC Encoder,35.41522820790608,4.42442662564,35.4% ± 4.4%,0,0,0,RW-Thigh + 5.0,Diet,35.4% ± 4.4%,5,RW-Thigh,Freeze
TS-TCC Encoder,45.97423473993938,2.8152640383589422,46.0% ± 2.8%,0,0,0,RW-Thigh + 5.0,TNC,46.0% ± 2.8%,5,RW-Thigh,Freeze
TS2Vec Encoder,46.63338363170624,6.33655994067518,46.6% ± 6.3%,0,0,0,WISDM + 1.0,TFC,46.6% ± 6.3%,1,WISDM,Freeze
RNN,49.8847911755244,5.919835717362008,49.9% ± 5.9%,0,0,0,WISDM + 1.0,LFR,49.9% ± 5.9%,1,WISDM,Freeze
TS-TCC Encoder,46.17255528767903,1.3622501609280326,46.2% ± 1.4%,0,0,0,WISDM + 1.0,Diet,46.2% ± 1.4%,1,WISDM,Freeze
ResNet-SE-5,58.15412203470866,10.380127899426911,58.2% ± 10.4%,0,0,0,WISDM + 1.0,TNC,58.2% ± 10.4%,1,WISDM,Freeze
TS-TCC Encoder,42.969240744908646,10.720548908497252,43.0% ± 10.7%,0,0,0,MS + 1.0,TFC,43.0% ± 10.7%,1,MS,Freeze
IMU Transformer,37.47645914554596,2.8075431873026253,37.5% ± 2.8%,0,0,0,MS + 1.0,LFR,37.5% ± 2.8%,1,MS,Freeze
TS2Vec Encoder,41.58819913864136,8.267147820875703,41.6% ± 8.3%,0,0,0,MS + 1.0,Diet,41.6% ± 8.3%,1,MS,Freeze
ResNet-SE-5,46.54739399751027,8.508163258796337,46.5% ± 8.5%,0,0,0,MS + 1.0,TNC,46.5% ± 8.5%,1,MS,Freeze
TS2Vec Encoder,42.75362292925517,4.282112398228016,42.8% ± 4.3%,0,0,0,UCI + 1.0,TFC,42.8% ± 4.3%,1,UCI,Freeze
IMU Transformer,48.45410585403442,13.390968249292309,48.5% ± 13.4%,0,0,0,UCI + 1.0,LFR,48.5% ± 13.4%,1,UCI,Freeze
TS2Vec Encoder,50.04830857117971,1.097372780728013,50.0% ± 1.1%,0,0,0,UCI + 1.0,Diet,50.0% ± 1.1%,1,UCI,Freeze
TS2Vec Encoder,53.333333134651184,8.729404540965078,53.3% ± 8.7%,0,0,0,UCI + 1.0,TNC,53.3% ± 8.7%,1,UCI,Freeze
IMU Transformer,40.97222288449605,10.91405179587138,41.0% ± 10.9%,0,0,0,KH + 1.0,TFC,41.0% ± 10.9%,1,KH,Freeze
RNN,44.907406965891525,3.824702149733836,44.9% ± 3.8%,0,0,0,KH + 1.0,LFR,44.9% ± 3.8%,1,KH,Freeze
TS2Vec Encoder,45.13888955116272,4.553775970269972,45.1% ± 4.6%,0,0,0,KH + 1.0,Diet,45.1% ± 4.6%,1,KH,Freeze
TS-TCC Encoder,46.99074029922485,1.7476461143938606,47.0% ± 1.7%,0,0,0,KH + 1.0,TNC,47.0% ± 1.7%,1,KH,Freeze
RNN,37.89866268634796,3.0879456610487583,37.9% ± 3.1%,0,0,0,RW-Waist + 1.0,TFC,37.9% ± 3.1%,1,RW-Waist,Freeze
CNN-PFF,39.93055621782939,5.124495787421283,39.9% ± 5.1%,0,0,0,RW-Waist + 1.0,LFR,39.9% ± 5.1%,1,RW-Waist,Freeze
RNN,31.39146169026693,4.721996806254509,31.4% ± 4.7%,0,0,0,RW-Waist + 1.0,Diet,31.4% ± 4.7%,1,RW-Waist,Freeze
TS-TCC Encoder,43.5828189055125,3.859054477051759,43.6% ± 3.9%,0,0,0,RW-Waist + 1.0,TNC,43.6% ± 3.9%,1,RW-Waist,Freeze
TS-TCC Encoder,30.04370927810669,1.0581390103030692,30.0% ± 1.1%,0,0,0,RW-Thigh + 1.0,TFC,30.0% ± 1.1%,1,RW-Thigh,Freeze
TS-TCC Encoder,32.18311468760172,1.7898001938023729,32.2% ± 1.8%,0,0,0,RW-Thigh + 1.0,LFR,32.2% ± 1.8%,1,RW-Thigh,Freeze
TS-TCC Encoder,29.43409283955892,3.245819487645489,29.4% ± 3.2%,0,0,0,RW-Thigh + 1.0,Diet,29.4% ± 3.2%,1,RW-Thigh,Freeze
TS-TCC Encoder,40.01610279083252,6.260285208417693,40.0% ± 6.3%,0,0,0,RW-Thigh + 1.0,TNC,40.0% ± 6.3%,1,RW-Thigh,Freeze
